element,fixture,opponent_team,total_points,was_home,kickoff_time,team_h_score,team_a_score,round,modified,minutes,goals_scored,assists,clean_sheets,goals_conceded,own_goals,penalties_saved,penalties_missed,yellow_cards,red_cards,saves,bonus,bps,influence,creativity,threat,ict_index,clearances_blocks_interceptions,recoveries,tackles,defensive_contribution,starts,expected_goals,expected_assists,expected_goal_involvements,expected_goals_conceded,value,transfers_balance,selected,transfers_in,transfers_out,player_id
1,1,7,6,True,2026-08-21T19:00:00Z,3,0,1,False,90,0,0,1,0,0,0,0,0,0,1,0,24,11.8,0.0,0.0,1.2,1,8,0,0,1,0.00,0.00,0.00,0.20,60,0,3347153,0,0,1
2,1,7,0,True,2026-08-21T19:00:00Z,3,0,1,False,0,0,0,0,0,0,0,0,0,0,0,0,0,0.0,0.0,0.0,0.0,0,0,0,0,0,0.00,0.00,0.00,0.00,50,0,7415,0,0,2
3,1,7,0,True,2026-08-21T19:00:00Z,3,0,1,False,0,0,0,0,0,0,0,0,0,0,0,0,0,0.0,0.0,0.0,0.0,0,0,0,0,0,0.00,0.00,0.00,0.00,50,0,2971,0,0,3
4,1,7,5,True,2026-08-21T19:00:00Z,3,0,1,False,90,0,0,1,0,0,0,0,1,0,0,0,21,6.6,1.8,1.0,0.9,4,2,0,4,1,0.05,0.01,0.06,0.20,80,0,2647984,0,0,4
5,1,7,0,True,2026-08-21T19:00:00Z,3,0,1,False,0,0,0,0,0,0,0,0,0,0,0,0,0,0.0,0.0,0.0,0.0,0,0,0,0,0,0.00,0.00,0.00,0.00,65,0,11200,0,0,5
6,1,7,0,True,2026-08-21T19:00:00Z,3,0,1,False,0,0,0,0,0,0,0,0,0,0,0,0,0,0.0,0.0,0.0,0.0,0,0,0,0,0,0.00,0.00,0.00,0.00,60,0,26559,0,0,6
7,1,7,3,True,2026-08-21T19:00:00Z,3,0,1,False,90,0,0,1,0,0,0,0,0,0,0,0,15,11.0,22.9,7.0,4.1,1,5,1,7,1,0.06,0.11,0.17,0.20,55,0,55656,0,0,7
8,1,7,9,True,2026-08-21T19:00:00Z,3,0,1,False,80,0,1,1,0,0,0,0,0,0,0,0,31,26.0,12.2,4.0,4.2,4,1,1,5,1,0.04,0.09,0.13,0.06,55,0,3542684,0,0,8
9,1,7,1,True,2026-08-21T19:00:00Z,3,0,1,False,9,0,0,0,0,0,0,0,0,0,0,0,3,0.4,0.5,0.0,0.1,0,0,0,0,0,0.00,0.00,0.00,0.15,55,0,165924,0,0,9
10,1,7,11,True,2026-08-21T19:00:00Z,3,0,1,False,90,0,1,1,0,0,0,0,0,0,0,2,37,33.2,26.8,13.0,7.3,4,3,1,5,1,0.18,0.21,0.39,0.20,55,0,401419,0,0,10
11,1,7,6,True,2026-08-21T19:00:00Z,3,0,1,False,90,0,0,1,0,0,0,0,0,0,0,0,27,14.4,0.6,0.0,1.5,6,3,0,6,1,0.00,0.00,0.00,0.20,55,0,571606,0,0,11
12,1,7,9,True,2026-08-21T19:00:00Z,3,0,1,False,67,1,0,1,0,0,0,0,0,0,0,1,36,42.8,26.1,33.0,10.2,2,4,1,7,1,0.64,0.08,0.72,0.06,95,0,819914,0,0,12
13,1,7,3,True,2026-08-21T19:00:00Z,3,0,1,False,67,0,0,1,0,0,0,0,0,0,0,0,10,6.8,6.4,2.0,1.5,3,3,0,6,1,0.07,0.08,0.15,0.06,75,0,1604406,0,0,13
14,1,7,1,True,2026-08-21T19:00:00Z,3,0,1,False,14,0,0,0,0,0,0,0,0,0,0,0,4,0.0,1.8,1.0,0.1,0,2,0,2,0,0.04,0.00,0.04,0.15,65,0,188164,0,0,14
15,1,7,11,True,2026-08-21T19:00:00Z,3,0,1,False,75,1,0,1,0,0,0,0,0,0,0,3,41,50.6,41.5,31.0,12.3,1,4,3,8,1,0.21,0.10,0.31,0.06,65,0,717252,0,0,15
16,1,7,1,True,2026-08-21T19:00:00Z,3,0,1,False,22,0,0,0,0,0,0,0,0,0,0,0,8,9.4,43.1,0.0,5.3,0,2,0,2,0,0.00,0.04,0.04,0.15,65,0,30442,0,0,16
17,1,7,1,True,2026-08-21T19:00:00Z,3,0,1,False,14,0,0,0,0,0,0,0,0,0,0,0,5,3.6,1.2,14.0,1.9,0,2,0,2,0,0.14,0.02,0.16,0.15,60,0,62671,0,0,17
18,1,7,0,True,2026-08-21T19:00:00Z,3,0,1,False,0,0,0,0,0,0,0,0,0,0,0,0,0,0.0,0.0,0.0,0.0,0,0,0,0,0,0.00,0.00,0.00,0.00,65,0,21290,0,0,18
19,1,7,1,True,2026-08-21T19:00:00Z,3,0,1,False,22,0,0,0,0,0,0,0,0,0,0,0,3,3.8,2.3,0.0,0.6,0,2,1,3,0,0.00,0.02,0.02,0.15,55,0,107568,0,0,19
20,1,7,0,True,2026-08-21T19:00:00Z,3,0,1,False,0,0,0,0,0,0,0,0,0,0,0,0,0,0.0,0.0,0.0,0.0,0,0,0,0,0,0.00,0.00,0.00,0.00,55,0,8920,0,0,20
22,1,7,0,True,2026-08-21T19:00:00Z,3,0,1,False,0,0,0,0,0,0,0,0,0,0,0,0,0,0.0,0.0,0.0,0.0,0,0,0,0,0,0.00,0.00,0.00,0.00,55,0,1260,0,0,22
23,1,7,0,True,2026-08-21T19:00:00Z,3,0,1,False,0,0,0,0,0,0,0,0,0,0,0,0,0,0.0,0.0,0.0,0.0,0,0,0,0,0,0.00,0.00,0.00,0.00,55,0,892,0,0,23
24,1,7,0,True,2026-08-21T19:00:00Z,3,0,1,False,0,0,0,0,0,0,0,0,0,0,0,0,0,0.0,0.0,0.0,0.0,0,0,0,0,0,0.00,0.00,0.00,0.00,55,0,853,0,0,24
25,1,7,0,True,2026-08-21T19:00:00Z,3,0,1,False,0,0,0,0,0,0,0,0,0,0,0,0,0,0.0,0.0,0.0,0.0,0,0,0,0,0,0.00,0.00,0.00,0.00,75,0,816962,0,0,25
26,1,7,6,True,2026-08-21T19:00:00Z,3,0,1,False,90,1,0,1,0,0,0,0,0,0,0,0,34,37.2,13.2,25.0,7.5,2,0,0,2,1,0.26,0.03,0.29,0.20,75,0,468616,0,0,26
27,1,7,0,True,2026-08-21T19:00:00Z,3,0,1,False,0,0,0,0,0,0,0,0,0,0,0,0,0,0.0,0.0,0.0,0.0,0,0,0,0,0,0.00,0.00,0.00,0.00,60,0,31403,0,0,27
31,1,7,0,True,2026-08-21T19:00:00Z,3,0,1,False,0,0,0,0,0,0,0,0,0,0,0,0,0,0.0,0.0,0.0,0.0,0,0,0,0,0,0.00,0.00,0.00,0.00,45,0,1206127,0,0,31
452,1,7,0,True,2026-08-21T19:00:00Z,3,0,1,False,0,0,0,0,0,0,0,0,0,0,0,0,0,0.0,0.0,0.0,0.0,0,0,0,0,0,0.00,0.00,0.00,0.00,70,0,391151,0,0,452
557,1,7,6,True,2026-08-21T19:00:00Z,3,0,1,False,75,0,1,1,0,0,0,0,0,0,0,0,30,17.0,39.8,30.0,8.7,2,3,1,6,1,0.19,0.14,0.33,0.06,65,0,2247384,0,0,557
28,7,5,0,False,2026-08-23T13:00:00Z,4,0,1,False,0,0,0,0,0,0,0,0,0,0,0,0,0,0.0,0.0,0.0,0.0,0,0,0,0,0,0.00,0.00,0.00,0.00,50,0,388040,0,0,28
29,7,5,1,False,2026-08-23T13:00:00Z,4,0,1,False,90,0,0,0,4,0,0,0,0,0,3,0,1,28.2,0.0,0.0,2.8,2,6,0,0,1,0.00,0.00,0.00,3.77,45,0,10183,0,0,29
32,7,5,-1,False,2026-08-23T13:00:00Z,4,0,1,False,90,0,0,0,4,0,0,0,1,0,0,0,-8,12.0,1.1,0.0,1.3,5,0,2,7,1,0.00,0.00,0.00,3.77,45,0,789072,0,0,32
33,7,5,1,False,2026-08-23T13:00:00Z,4,0,1,False,16,0,0,0,0,0,0,0,0,0,0,0,5,2.0,0.0,0.0,0.2,0,0,1,1,0,0.00,0.00,0.00,0.22,45,0,29034,0,0,33
34,7,5,0,False,2026-08-23T13:00:00Z,4,0,1,False,73,0,0,0,4,0,0,0,0,0,0,0,-14,0.0,0.7,0.0,0.0,5,1,0,5,1,0.00,0.00,0.00,3.55,45,0,38472,0,0,34
35,7,5,1,False,2026-08-23T13:00:00Z,4,0,1,False,16,0,0,0,0,0,0,0,0,0,0,0,3,2.2,0.5,0.0,0.3,1,0,0,1,0,0.00,0.00,0.00,0.22,50,0,5822,0,0,35
36,7,5,0,False,2026-08-23T13:00:00Z,4,0,1,False,81,0,0,0,4,0,0,0,0,0,0,0,-9,9.2,0.8,3.0,1.3,7,2,2,9,1,0.03,0.00,0.03,3.62,45,0,71952,0,0,36
37,7,5,-2,False,2026-08-23T13:00:00Z,4,0,1,False,90,0,0,0,4,1,0,0,0,0,0,0,-13,1.8,0.1,0.0,0.2,3,1,0,3,1,0.00,0.00,0.00,3.77,45,0,24630,0,0,37
38,7,5,0,False,2026-08-23T13:00:00Z,4,0,1,False,0,0,0,0,0,0,0,0,0,0,0,0,0,0.0,0.0,0.0,0.0,0,0,0,0,0,0.00,0.00,0.00,0.00,40,0,157304,0,0,38
41,7,5,2,False,2026-08-23T13:00:00Z,4,0,1,False,85,0,0,0,4,0,0,0,0,0,0,0,4,0.0,16.3,8.0,2.2,3,3,1,7,1,0.13,0.09,0.22,3.62,60,0,120830,0,0,41
44,7,5,0,False,2026-08-23T13:00:00Z,4,0,1,False,0,0,0,0,0,0,0,0,0,0,0,0,0,0.0,0.0,0.0,0.0,0,0,0,0,0,0.00,0.00,0.00,0.00,55,0,12940,0,0,44
45,7,5,1,False,2026-08-23T13:00:00Z,4,0,1,False,81,0,0,0,4,0,0,0,1,0,0,0,8,1.6,2.4,1.0,0.5,2,3,1,6,1,0.04,0.01,0.05,3.62,55,0,290994,0,0,45
46,7,5,2,False,2026-08-23T13:00:00Z,4,0,1,False,73,0,0,0,4,0,0,0,0,0,0,0,11,9.4,21.4,7.0,3.8,1,0,0,1,1,0.10,0.02,0.12,3.55,50,0,20508,0,0,46
47,7,5,2,False,2026-08-23T13:00:00Z,4,0,1,False,90,0,0,0,4,0,0,0,0,0,0,0,9,11.2,2.8,0.0,1.4,3,2,2,7,1,0.00,0.00,0.00,3.77,50,0,31172,0,0,47
48,7,5,0,False,2026-08-23T13:00:00Z,4,0,1,False,0,0,0,0,0,0,0,0,0,0,0,0,0,0.0,0.0,0.0,0.0,0,0,0,0,0,0.00,0.00,0.00,0.00,50,0,2081,0,0,48
50,7,5,0,False,2026-08-23T13:00:00Z,4,0,1,False,0,0,0,0,0,0,0,0,0,0,0,0,0,0.0,0.0,0.0,0.0,0,0,0,0,0,0.00,0.00,0.00,0.00,45,0,60228,0,0,50
51,7,5,2,False,2026-08-23T13:00:00Z,4,0,1,False,90,0,0,0,4,0,0,0,0,0,0,0,12,10.6,11.6,2.0,2.4,0,2,3,5,1,0.00,0.00,0.00,3.77,45,0,60759,0,0,51
52,7,5,1,False,2026-08-23T13:00:00Z,4,0,1,False,8,0,0,0,0,0,0,0,0,0,0,0,5,4.0,0.0,0.0,0.4,1,1,1,3,0,0.00,0.00,0.00,0.14,50,0,3792,0,0,52
53,7,5,0,False,2026-08-23T13:00:00Z,4,0,1,False,0,0,0,0,0,0,0,0,0,0,0,0,0,0.0,0.0,0.0,0.0,0,0,0,0,0,0.00,0.00,0.00,0.00,60,0,26624,0,0,53
54,7,5,-2,False,2026-08-23T13:00:00Z,4,0,1,False,39,0,0,0,4,0,0,0,0,1,0,0,-2,1.0,11.0,0.0,1.2,1,2,4,7,1,0.00,0.01,0.01,2.58,55,0,6573,0,0,54
55,7,5,0,False,2026-08-23T13:00:00Z,4,0,1,False,0,0,0,0,0,0,0,0,0,0,0,0,0,0.0,0.0,0.0,0.0,0,0,0,0,0,0.00,0.00,0.00,0.00,80,0,898121,0,0,55
56,7,5,0,False,2026-08-23T13:00:00Z,4,0,1,False,0,0,0,0,0,0,0,0,0,0,0,0,0,0.0,0.0,0.0,0.0,0,0,0,0,0,0.00,0.00,0.00,0.00,55,0,11764,0,0,56
160,7,5,1,False,2026-08-23T13:00:00Z,4,0,1,False,4,0,0,0,0,0,0,0,0,0,0,0,2,0.0,0.0,0.0,0.0,0,0,0,0,0,0.00,0.00,0.00,0.14,60,0,54802,0,0,160
582,7,5,0,False,2026-08-23T13:00:00Z,4,0,1,False,0,0,0,0,0,0,0,0,0,0,0,0,0,0.0,0.0,0.0,0.0,0,0,0,0,0,0.00,0.00,0.00,0.00,55,0,46241,0,0,582
596,7,5,1,False,2026-08-23T13:00:00Z,4,0,1,False,8,0,0,0,0,0,0,0,0,0,0,0,3,4.0,0.0,0.0,0.4,0,0,2,2,0,0.00,0.00,0.00,0.14,45,0,7884,0,0,596
597,7,5,0,False,2026-08-23T13:00:00Z,4,0,1,False,0,0,0,0,0,0,0,0,0,0,0,0,0,0.0,0.0,0.0,0.0,0,0,0,0,0,0.00,0.00,0.00,0.00,50,0,61739,0,0,597
606,7,5,0,False,2026-08-23T13:00:00Z,4,0,1,False,0,0,0,0,0,0,0,0,0,0,0,0,0,0.0,0.0,0.0,0.0,0,0,0,0,0,0.00,0.00,0.00,0.00,40,0,0,0,0,606
607,7,5,0,False,2026-08-23T13:00:00Z,4,0,1,False,0,0,0,0,0,0,0,0,0,0,0,0,0,0.0,0.0,0.0,0.0,0,0,0,0,0,0.00,0.00,0.00,0.00,45,0,0,0,0,607
57,8,15,2,False,2026-08-23T13:00:00Z,2,1,1,False,90,0,0,0,2,0,0,0,0,0,4,0,13,36.8,0.0,0.0,3.7,2,5,0,0,1,0.00,0.00,0.00,2.25,45,0,288326,0,0,57
58,8,15,0,False,2026-08-23T13:00:00Z,2,1,1,False,0,0,0,0,0,0,0,0,0,0,0,0,0,0.0,0.0,0.0,0.0,0,0,0,0,0,0.00,0.00,0.00,0.00,40,0,283903,0,0,58
59,8,15,0,False,2026-08-23T13:00:00Z,2,1,1,False,0,0,0,0,0,0,0,0,0,0,0,0,0,0.0,0.0,0.0,0.0,0,0,0,0,0,0.00,0.00,0.00,0.00,40,0,16822,0,0,59
60,8,15,1,False,2026-08-23T13:00:00Z,2,1,1,False,90,0,0,0,2,0,0,0,0,0,0,0,0,11.6,0.3,0.0,1.2,5,1,1,6,1,0.00,0.00,0.00,2.25,55,0,72436,0,0,60
61,8,15,1,False,2026-08-23T13:00:00Z,2,1,1,False,90,0,0,0,2,0,0,0,0,0,0,0,0,15.4,1.3,0.0,1.7,5,7,2,7,1,0.00,0.00,0.00,2.25,55,0,392050,0,0,61
62,8,15,0,False,2026-08-23T13:00:00Z,2,1,1,False,0,0,0,0,0,0,0,0,0,0,0,0,0,0.0,0.0,0.0,0.0,0,0,0,0,0,0.00,0.00,0.00,0.00,50,0,15573,0,0,62
63,8,15,0,False,2026-08-23T13:00:00Z,2,1,1,False,0,0,0,0,0,0,0,0,0,0,0,0,0,0.0,0.0,0.0,0.0,0,0,0,0,0,0.00,0.00,0.00,0.00,50,0,1122,0,0,63
64,8,15,1,False,2026-08-23T13:00:00Z,2,1,1,False,90,0,0,0,2,0,0,0,0,0,0,0,4,7.0,0.6,0.0,0.8,4,3,1,5,1,0.00,0.00,0.00,2.25,45,0,8561,0,0,64
65,8,15,0,False,2026-08-23T13:00:00Z,2,1,1,False,0,0,0,0,0,0,0,0,0,0,0,0,0,0.0,0.0,0.0,0.0,0,0,0,0,0,0.00,0.00,0.00,0.00,45,0,1775,0,0,65
66,8,15,0,False,2026-08-23T13:00:00Z,2,1,1,False,0,0,0,0,0,0,0,0,0,0,0,0,0,0.0,0.0,0.0,0.0,0,0,0,0,0,0.00,0.00,0.00,0.00,40,0,19739,0,0,66
67,8,15,2,False,2026-08-23T13:00:00Z,2,1,1,False,88,0,0,0,1,0,0,0,0,0,0,0,9,6.2,11.3,17.0,3.5,1,0,0,1,1,0.04,0.03,0.07,2.06,65,0,242374,0,0,67
68,8,15,10,False,2026-08-23T13:00:00Z,2,1,1,False,90,1,0,0,2,0,0,0,0,0,0,3,32,40.0,17.2,18.0,7.5,2,4,2,8,1,0.40,0.08,0.48,2.25,60,0,139421,0,0,68
69,8,15,2,False,2026-08-23T13:00:00Z,2,1,1,False,90,0,0,0,2,0,0,0,0,0,0,0,17,11.4,4.8,0.0,1.6,1,6,4,11,1,0.00,0.01,0.01,2.25,60,0,134668,0,0,69
70,8,15,3,False,2026-08-23T13:00:00Z,2,1,1,False,74,0,0,1,0,0,0,0,0,0,0,0,15,11.0,14.3,17.0,4.2,1,5,3,9,1,0.11,0.00,0.11,1.94,60,0,96045,0,0,70
71,8,15,3,False,2026-08-23T13:00:00Z,2,1,1,False,75,0,0,1,0,0,0,0,0,0,0,0,8,4.6,2.1,0.0,0.7,3,3,1,7,1,0.00,0.00,0.00,1.94,50,0,13065,0,0,71
72,8,15,1,False,2026-08-23T13:00:00Z,2,1,1,False,1,0,0,0,1,0,0,0,0,0,0,0,3,0.2,0.1,2.0,0.2,0,1,0,1,0,0.00,0.00,0.00,0.19,50,0,7889,0,0,72
73,8,15,1,False,2026-08-23T13:00:00Z,2,1,1,False,15,0,0,0,2,0,0,0,0,0,0,0,4,3.6,0.6,0.0,0.4,3,0,0,3,0,0.00,0.00,0.00,0.31,50,0,19512,0,0,73
74,8,15,0,False,2026-08-23T13:00:00Z,2,1,1,False,0,0,0,0,0,0,0,0,0,0,0,0,0,0.0,0.0,0.0,0.0,0,0,0,0,0,0.00,0.00,0.00,0.00,50,0,4610,0,0,74
75,8,15,0,False,2026-08-23T13:00:00Z,2,1,1,False,0,0,0,0,0,0,0,0,0,0,0,0,0,0.0,0.0,0.0,0.0,0,0,0,0,0,0.00,0.00,0.00,0.00,50,0,1007,0,0,75
76,8,15,1,False,2026-08-23T13:00:00Z,2,1,1,False,15,0,0,0,2,0,0,0,0,0,0,0,5,2.8,0.6,0.0,0.3,0,1,1,2,0,0.00,0.00,0.00,0.31,50,0,1238,0,0,76
77,8,15,0,False,2026-08-23T13:00:00Z,2,1,1,False,0,0,0,0,0,0,0,0,0,0,0,0,0,0.0,0.0,0.0,0.0,0,0,0,0,0,0.00,0.00,0.00,0.00,50,0,3087,0,0,77
78,8,15,0,False,2026-08-23T13:00:00Z,2,1,1,False,0,0,0,0,0,0,0,0,0,0,0,0,0,0.0,0.0,0.0,0.0,0,0,0,0,0,0.00,0.00,0.00,0.00,75,0,42378,0,0,78
79,8,15,4,False,2026-08-23T13:00:00Z,2,1,1,False,74,0,1,1,0,0,0,0,1,0,0,0,17,19.4,11.9,2.0,3.3,4,3,1,8,1,0.00,0.21,0.21,1.94,60,0,200122,0,0,79
81,8,15,0,False,2026-08-23T13:00:00Z,2,1,1,False,0,0,0,0,0,0,0,0,0,0,0,0,0,0.0,0.0,0.0,0.0,0,0,0,0,0,0.00,0.00,0.00,0.00,60,0,9051,0,0,81
566,8,15,2,False,2026-08-23T13:00:00Z,2,1,1,False,90,0,0,0,2,0,0,0,1,0,0,0,5,31.4,0.3,0.0,3.2,13,1,0,13,1,0.00,0.00,0.00,2.25,50,0,23702,0,0,566
573,8,15,0,False,2026-08-23T13:00:00Z,2,1,1,False,0,0,0,0,0,0,0,0,0,0,0,0,0,0.0,0.0,0.0,0.0,0,0,0,0,0,0.00,0.00,0.00,0.00,45,0,18342,0,0,573
608,8,15,1,False,2026-08-23T13:00:00Z,2,1,1,False,15,0,0,0,2,0,0,0,0,0,0,0,6,3.4,0.8,17.0,2.1,0,1,0,1,0,0.10,0.00,0.10,0.31,50,0,0,0,0,608
82,2,19,7,True,2026-08-22T16:30:00Z,3,0,1,False,90,0,0,1,0,0,0,0,0,0,4,0,34,31.4,0.0,0.0,3.1,0,5,0,0,1,0.00,0.01,0.01,0.57,50,0,513912,0,0,82
83,2,19,0,True,2026-08-22T16:30:00Z,3,0,1,False,0,0,0,0,0,0,0,0,0,0,0,0,0,0.0,0.0,0.0,0.0,0,0,0,0,0,0.00,0.00,0.00,0.00,45,0,9667,0,0,83
84,2,19,6,True,2026-08-22T16:30:00Z,3,0,1,False,90,0,0,1,0,0,0,0,0,0,0,0,21,11.6,21.5,17.0,5.0,3,3,0,3,1,0.34,0.04,0.38,0.57,55,0,156847,0,0,84
85,2,19,0,True,2026-08-22T16:30:00Z,3,0,1,False,0,0,0,0,0,0,0,0,0,0,0,0,0,0.0,0.0,0.0,0.0,0,0,0,0,0,0.00,0.00,0.00,0.00,50,0,14391,0,0,85
86,2,19,10,True,2026-08-22T16:30:00Z,3,0,1,False,90,1,0,1,0,0,0,0,0,0,0,2,37,47.2,15.9,19.0,8.2,4,5,1,10,1,0.77,0.12,0.89,0.57,55,0,38558,0,0,86
87,2,19,8,True,2026-08-22T16:30:00Z,3,0,1,False,90,0,0,1,0,0,0,0,0,0,0,0,29,20.0,0.9,35.0,5.6,8,3,2,10,1,0.11,0.02,0.13,0.57,45,0,318142,0,0,87
88,2,19,13,True,2026-08-22T16:30:00Z,3,0,1,False,75,1,0,1,0,0,0,0,0,0,0,1,36,33.8,1.5,46.0,8.1,4,5,0,4,1,0.50,0.00,0.50,0.47,45,0,282611,0,0,88
89,2,19,0,True,2026-08-22T16:30:00Z,3,0,1,False,0,0,0,0,0,0,0,0,0,0,0,0,0,0.0,0.0,0.0,0.0,0,0,0,0,0,0.00,0.00,0.00,0.00,45,0,22322,0,0,89
90,2,19,1,True,2026-08-22T16:30:00Z,3,0,1,False,14,0,0,0,0,0,0,0,0,0,0,0,2,0.0,0.3,0.0,0.0,0,2,0,0,0,0.00,0.00,0.00,0.10,45,0,5416,0,0,90
91,2,19,0,True,2026-08-22T16:30:00Z,3,0,1,False,0,0,0,0,0,0,0,0,0,0,0,0,0,0.0,0.0,0.0,0.0,0,0,0,0,0,0.00,0.00,0.00,0.00,45,0,7000,0,0,91
92,2,19,0,True,2026-08-22T16:30:00Z,3,0,1,False,0,0,0,0,0,0,0,0,0,0,0,0,0,0.0,0.0,0.0,0.0,0,0,0,0,0,0.00,0.00,0.00,0.00,45,0,1635,0,0,92
93,2,19,0,True,2026-08-22T16:30:00Z,3,0,1,False,0,0,0,0,0,0,0,0,0,0,0,0,0,0.0,0.0,0.0,0.0,0,0,0,0,0,0.00,0.00,0.00,0.00,45,0,15125,0,0,93
94,2,19,3,True,2026-08-22T16:30:00Z,3,0,1,False,90,0,0,1,0,0,0,0,0,0,0,0,17,14.4,11.8,59.0,8.5,1,5,3,9,1,0.52,0.01,0.53,0.57,60,0,330810,0,0,94
95,2,19,3,True,2026-08-22T16:30:00Z,3,0,1,False,66,0,0,1,0,0,0,0,0,0,0,0,6,1.0,30.8,15.0,4.7,2,4,0,6,1,0.05,0.29,0.34,0.47,65,0,105835,0,0,95
96,2,19,1,True,2026-08-22T16:30:00Z,3,0,1,False,14,0,0,0,0,0,0,0,0,0,0,0,6,7.6,26.3,0.0,3.4,0,3,1,4,0,0.00,0.11,0.11,0.10,55,0,52929,0,0,96
97,2,19,6,True,2026-08-22T16:30:00Z,3,0,1,False,66,0,1,1,0,0,0,0,0,0,0,0,22,12.6,46.2,13.0,7.2,0,3,2,5,1,0.08,0.34,0.42,0.47,55,0,16245,0,0,97
98,2,19,9,True,2026-08-22T16:30:00Z,3,0,1,False,90,1,0,1,0,0,0,0,1,0,0,0,35,53.2,38.8,24.0,11.6,6,3,4,13,1,0.39,0.17,0.56,0.57,50,0,9018,0,0,98
99,2,19,0,True,2026-08-22T16:30:00Z,3,0,1,False,0,0,0,0,0,0,0,0,0,0,0,0,0,0.0,0.0,0.0,0.0,0,0,0,0,0,0.00,0.00,0.00,0.00,50,0,187,0,0,99
100,2,19,0,True,2026-08-22T16:30:00Z,3,0,1,False,0,0,0,0,0,0,0,0,0,0,0,0,0,0.0,0.0,0.0,0.0,0,0,0,0,0,0.00,0.00,0.00,0.00,50,0,1459,0,0,100
102,2,19,1,True,2026-08-22T16:30:00Z,3,0,1,False,23,0,0,0,0,0,0,0,0,0,0,0,7,2.2,0.8,3.0,0.6,1,3,2,6,0,0.04,0.00,0.04,0.10,50,0,123741,0,0,102
103,2,19,0,True,2026-08-22T16:30:00Z,3,0,1,False,0,0,0,0,0,0,0,0,0,0,0,0,0,0.0,0.0,0.0,0.0,0,0,0,0,0,0.00,0.00,0.00,0.00,50,0,2396,0,0,103
105,2,19,1,True,2026-08-22T16:30:00Z,3,0,1,False,23,0,0,0,0,0,0,0,0,0,0,0,9,10.6,34.9,1.0,4.7,0,6,2,8,0,0.03,0.35,0.38,0.10,60,0,14244,0,0,105
106,2,19,0,True,2026-08-22T16:30:00Z,3,0,1,False,82,0,0,1,0,0,0,1,0,0,0,0,-3,2.2,4.0,8.0,1.4,1,4,0,5,1,1.00,0.08,1.08,0.50,80,0,1509299,0,0,106
107,2,19,0,True,2026-08-22T16:30:00Z,3,0,1,False,0,0,0,0,0,0,0,0,0,0,0,0,0,0.0,0.0,0.0,0.0,0,0,0,0,0,0.00,0.00,0.00,0.00,45,0,78000,0,0,107
108,2,19,1,True,2026-08-22T16:30:00Z,3,0,1,False,7,0,0,0,0,0,0,0,0,0,0,0,4,2.2,10.3,5.0,1.8,0,0,0,0,0,0.03,0.04,0.07,0.07,55,0,30450,0,0,108
565,2,19,14,True,2026-08-22T16:30:00Z,3,0,1,False,75,0,2,1,0,0,0,0,0,0,0,3,41,31.6,21.8,21.0,7.4,4,7,2,13,1,0.05,0.33,0.38,0.47,55,0,294770,0,0,565
109,7,2,6,True,2026-08-23T13:00:00Z,4,0,1,False,90,0,0,1,0,0,0,0,0,0,0,0,25,6.6,0.0,0.0,0.7,0,4,0,0,1,0.00,0.00,0.00,0.29,45,0,1987586,0,0,109
111,7,2,0,True,2026-08-23T13:00:00Z,4,0,1,False,0,0,0,0,0,0,0,0,0,0,0,0,0,0.0,0.0,0.0,0.0,0,0,0,0,0,0.00,0.00,0.00,0.00,40,0,369830,0,0,111
113,7,2,0,True,2026-08-23T13:00:00Z,4,0,1,False,0,0,0,0,0,0,0,0,0,0,0,0,0,0.0,0.0,0.0,0.0,0,0,0,0,0,0.00,0.00,0.00,0.00,45,0,265528,0,0,113
114,7,2,6,True,2026-08-23T13:00:00Z,4,0,1,False,90,0,0,1,0,0,0,0,0,0,0,0,29,15.2,7.3,6.0,2.9,5,4,1,6,1,0.00,0.04,0.04,0.29,45,0,19109,0,0,114
115,7,2,17,True,2026-08-23T13:00:00Z,4,0,1,False,77,1,1,1,0,0,0,0,0,0,0,2,46,40.6,45.3,43.0,12.9,1,3,3,4,1,1.47,0.21,1.68,0.29,45,0,151636,0,0,115
116,7,2,6,True,2026-08-23T13:00:00Z,4,0,1,False,90,0,0,1,0,0,0,0,0,0,0,0,24,13.4,6.4,0.0,2.0,1,2,1,2,1,0.00,0.04,0.04,0.29,45,0,88762,0,0,116
117,7,2,0,True,2026-08-23T13:00:00Z,4,0,1,False,0,0,0,0,0,0,0,0,0,0,0,0,0,0.0,0.0,0.0,0.0,0,0,0,0,0,0.00,0.00,0.00,0.00,45,0,1583,0,0,117
118,7,2,0,True,2026-08-23T13:00:00Z,4,0,1,False,0,0,0,0,0,0,0,0,0,0,0,0,0,0.0,0.0,0.0,0.0,0,0,0,0,0,0.00,0.00,0.00,0.00,45,0,7195,0,0,118
119,7,2,1,True,2026-08-23T13:00:00Z,4,0,1,False,26,0,0,0,0,0,0,0,0,0,0,0,7,8.2,1.9,18.0,2.8,3,0,1,4,0,0.12,0.00,0.12,0.10,45,0,2148,0,0,119
120,7,2,0,True,2026-08-23T13:00:00Z,4,0,1,False,0,0,0,0,0,0,0,0,0,0,0,0,0,0.0,0.0,0.0,0.0,0,0,0,0,0,0.00,0.00,0.00,0.00,50,0,3997,0,0,120
121,7,2,0,True,2026-08-23T13:00:00Z,4,0,1,False,0,0,0,0,0,0,0,0,0,0,0,0,0,0.0,0.0,0.0,0.0,0,0,0,0,0,0.00,0.00,0.00,0.00,60,0,4360,0,0,121
122,7,2,0,True,2026-08-23T13:00:00Z,4,0,1,False,0,0,0,0,0,0,0,0,0,0,0,0,0,0.0,0.0,0.0,0.0,0,0,0,0,0,0.00,0.00,0.00,0.00,60,0,9337,0,0,122
123,7,2,16,True,2026-08-23T13:00:00Z,4,0,1,False,63,2,0,1,0,0,0,0,0,0,0,3,54,72.8,13.4,59.0,14.5,0,1,2,3,1,1.41,0.02,1.43,0.19,60,0,39219,0,0,123
124,7,2,2,True,2026-08-23T13:00:00Z,4,0,1,False,90,0,0,1,0,0,0,0,1,0,0,0,18,21.0,56.9,8.0,8.6,0,2,3,5,1,0.00,0.27,0.27,0.29,55,0,1308033,0,0,124
125,7,2,5,True,2026-08-23T13:00:00Z,4,0,1,False,90,0,1,1,0,0,0,0,0,0,0,0,22,19.8,11.4,15.0,4.6,1,4,2,7,1,0.08,0.44,0.52,0.29,55,0,78765,0,0,125
126,7,2,0,True,2026-08-23T13:00:00Z,4,0,1,False,0,0,0,0,0,0,0,0,0,0,0,0,0,0.0,0.0,0.0,0.0,0,0,0,0,0,0.00,0.00,0.00,0.00,55,0,8249,0,0,126
127,7,2,6,True,2026-08-23T13:00:00Z,4,0,1,False,85,0,1,1,0,0,0,0,0,0,0,0,27,33.0,25.1,41.0,9.9,2,1,3,6,1,0.18,0.48,0.66,0.29,50,0,355972,0,0,127
129,7,2,2,True,2026-08-23T13:00:00Z,4,0,1,False,63,0,0,1,0,0,0,0,1,0,0,0,8,0.0,15.0,6.0,1.7,1,3,0,4,1,0.11,0.03,0.14,0.19,55,0,61091,0,0,129
130,7,2,7,True,2026-08-23T13:00:00Z,4,0,1,False,77,0,0,1,0,0,0,0,0,0,0,1,32,16.6,26.3,6.0,4.9,4,5,4,8,1,0.09,0.05,0.14,0.29,50,0,22925,0,0,130
131,7,2,0,True,2026-08-23T13:00:00Z,4,0,1,False,0,0,0,0,0,0,0,0,0,0,0,0,0,0.0,0.0,0.0,0.0,0,0,0,0,0,0.00,0.00,0.00,0.00,50,0,17798,0,0,131
134,7,2,0,True,2026-08-23T13:00:00Z,4,0,1,False,0,0,0,0,0,0,0,0,0,0,0,0,0,0.0,0.0,0.0,0.0,0,0,0,0,0,0.00,0.00,0.00,0.00,45,0,24725,0,0,134
135,7,2,1,True,2026-08-23T13:00:00Z,4,0,1,False,12,0,0,0,0,0,0,0,0,0,0,0,3,0.2,1.3,0.0,0.2,0,0,0,0,0,0.00,0.03,0.03,0.00,50,0,6623,0,0,135
137,7,2,0,True,2026-08-23T13:00:00Z,4,0,1,False,0,0,0,0,0,0,0,0,0,0,0,0,0,0.0,0.0,0.0,0.0,0,0,0,0,0,0.00,0.00,0.00,0.00,55,0,879,0,0,137
138,7,2,1,True,2026-08-23T13:00:00Z,4,0,1,False,26,0,0,0,0,0,0,0,0,0,0,0,-1,0.0,0.4,10.0,0.9,0,1,1,2,0,0.18,0.00,0.18,0.10,55,0,19339,0,0,138
139,7,2,0,True,2026-08-23T13:00:00Z,4,0,1,False,0,0,0,0,0,0,0,0,0,0,0,0,0,0.0,0.0,0.0,0.0,0,0,0,0,0,0.00,0.00,0.00,0.00,50,0,2877,0,0,139
328,7,2,0,True,2026-08-23T13:00:00Z,4,0,1,False,0,0,0,0,0,0,0,0,0,0,0,0,0,0.0,0.0,0.0,0.0,0,0,0,0,0,0.00,0.00,0.00,0.00,50,0,19933,0,0,328
504,7,2,6,True,2026-08-23T13:00:00Z,4,0,1,False,90,0,0,1,0,0,0,0,0,0,0,0,19,12.4,4.5,12.0,2.9,4,2,0,4,1,0.13,0.03,0.16,0.29,50,0,221596,0,0,504
594,7,2,0,True,2026-08-23T13:00:00Z,4,0,1,False,0,0,0,0,0,0,0,0,0,0,0,0,0,0.0,0.0,0.0,0.0,0,0,0,0,0,0.00,0.00,0.00,0.00,60,0,20944,0,0,594
600,7,2,1,True,2026-08-23T13:00:00Z,4,0,1,False,12,0,0,0,0,0,0,0,0,0,0,0,7,4.2,15.4,4.0,2.4,0,2,0,2,0,0.00,0.05,0.05,0.00,50,0,633,0,0,600
605,7,2,1,True,2026-08-23T13:00:00Z,4,0,1,False,4,0,0,0,0,0,0,0,0,0,0,0,3,0.6,2.7,0.0,0.3,0,0,0,0,0,0.00,0.01,0.01,0.00,45,0,0,0,0,605
40,10,10,8,False,2026-08-24T19:00:00Z,2,3,1,False,81,1,0,0,2,0,0,0,0,0,0,1,37,48.8,53.5,29.0,13.1,0,5,2,7,1,0.96,0.10,1.06,1.24,75,0,2178086,0,0,40
101,10,10,0,False,2026-08-24T19:00:00Z,2,3,1,False,0,0,0,0,0,0,0,0,0,0,0,0,0,0.0,0.0,0.0,0.0,0,0,0,0,0,0.00,0.00,0.00,0.00,50,0,3629,0,0,101
136,10,10,0,False,2026-08-24T19:00:00Z,2,3,1,False,0,0,0,0,0,0,0,0,0,0,0,0,0,0.0,0.0,0.0,0.0,0,0,0,0,0,0.00,0.00,0.00,0.00,60,0,112037,0,0,136
140,10,10,2,False,2026-08-24T19:00:00Z,2,3,1,False,90,0,0,0,2,0,0,0,0,0,4,0,6,21.4,0.0,0.0,2.1,1,5,0,0,1,0.00,0.01,0.01,1.33,50,0,207899,0,0,140
142,10,10,0,False,2026-08-24T19:00:00Z,2,3,1,False,90,0,0,0,2,0,0,0,1,0,0,0,5,23.4,16.8,19.0,5.9,6,4,0,6,1,0.10,0.07,0.17,1.33,55,0,879361,0,0,142
144,10,10,1,False,2026-08-24T19:00:00Z,2,3,1,False,75,0,0,0,2,0,0,0,0,0,0,0,2,7.2,9.8,6.0,2.3,2,4,1,3,1,0.00,0.03,0.03,1.11,50,0,98423,0,0,144
145,10,10,0,False,2026-08-24T19:00:00Z,2,3,1,False,0,0,0,0,0,0,0,0,0,0,0,0,0,0.0,0.0,0.0,0.0,0,0,0,0,0,0.00,0.00,0.00,0.00,50,0,1057,0,0,145
147,10,10,0,False,2026-08-24T19:00:00Z,2,3,1,False,0,0,0,0,0,0,0,0,0,0,0,0,0,0.0,0.0,0.0,0.0,0,0,0,0,0,0.00,0.00,0.00,0.00,45,0,18070,0,0,147
148,10,10,1,False,2026-08-24T19:00:00Z,2,3,1,False,64,0,0,0,2,0,0,0,0,0,0,0,5,8.4,12.3,11.0,3.2,1,2,2,3,1,0.01,0.03,0.04,1.05,45,0,40724,0,0,148
149,10,10,0,False,2026-08-24T19:00:00Z,2,3,1,False,90,0,0,0,2,0,0,0,1,0,0,0,6,6.0,1.6,7.0,1.5,2,3,2,4,1,0.01,0.03,0.04,1.33,50,0,142918,0,0,149
150,10,10,0,False,2026-08-24T19:00:00Z,2,3,1,False,0,0,0,0,0,0,0,0,0,0,0,0,0,0.0,0.0,0.0,0.0,0,0,0,0,0,0.00,0.00,0.00,0.00,45,0,6689,0,0,150
151,10,10,3,False,2026-08-24T19:00:00Z,2,3,1,False,90,0,0,0,2,0,0,0,0,0,0,0,13,33.2,2.2,2.0,3.7,10,6,5,15,1,0.00,0.01,0.01,1.33,45,0,24066,0,0,151
152,10,10,0,False,2026-08-24T19:00:00Z,2,3,1,False,0,0,0,0,0,0,0,0,0,0,0,0,0,0.0,0.0,0.0,0.0,0,0,0,0,0,0.00,0.00,0.00,0.00,55,0,263643,0,0,152
153,10,10,0,False,2026-08-24T19:00:00Z,2,3,1,False,0,0,0,0,0,0,0,0,0,0,0,0,0,0.0,0.0,0.0,0.0,0,0,0,0,0,0.00,0.00,0.00,0.00,45,0,5243,0,0,153
154,10,10,13,False,2026-08-24T19:00:00Z,2,3,1,False,82,1,1,0,2,0,0,0,0,0,0,3,60,65.2,41.3,54.0,16.1,0,7,2,9,1,0.28,0.19,0.47,1.24,95,0,919516,0,0,154
155,10,10,1,False,2026-08-24T19:00:00Z,2,3,1,False,25,0,0,0,0,0,0,0,0,0,0,0,6,3.4,12.0,0.0,1.5,0,3,0,3,0,0.00,0.02,0.02,0.28,70,0,442051,0,0,155
156,10,10,1,False,2026-08-24T19:00:00Z,2,3,1,False,14,0,0,0,0,0,0,0,0,0,0,0,9,5.2,4.1,4.0,1.3,0,3,1,4,0,0.03,0.07,0.10,0.22,65,0,116795,0,0,156
157,10,10,1,False,2026-08-24T19:00:00Z,2,3,1,False,7,0,0,0,0,0,0,0,0,0,0,0,3,0.2,0.4,0.0,0.1,0,1,0,1,0,0.00,0.00,0.00,0.09,65,0,109575,0,0,157
158,10,10,0,False,2026-08-24T19:00:00Z,2,3,1,False,0,0,0,0,0,0,0,0,0,0,0,0,0,0.0,0.0,0.0,0.0,0,0,0,0,0,0.00,0.00,0.00,0.00,60,0,3231,0,0,158
159,10,10,0,False,2026-08-24T19:00:00Z,2,3,1,False,0,0,0,0,0,0,0,0,0,0,0,0,0,0.0,0.0,0.0,0.0,0,0,0,0,0,0.00,0.00,0.00,0.00,55,0,347122,0,0,159
161,10,10,1,False,2026-08-24T19:00:00Z,2,3,1,False,64,0,0,0,2,0,0,0,1,0,0,0,8,13.6,21.9,33.0,6.9,2,4,3,9,1,0.21,0.03,0.24,1.05,50,0,4654,0,0,161
163,10,10,0,False,2026-08-24T19:00:00Z,2,3,1,False,0,0,0,0,0,0,0,0,0,0,0,0,0,0.0,0.0,0.0,0.0,0,0,0,0,0,0.00,0.00,0.00,0.00,45,0,18298,0,0,163
164,10,10,1,False,2026-08-24T19:00:00Z,2,3,1,False,8,0,0,0,0,0,0,0,0,0,0,0,2,1.2,0.3,2.0,0.4,1,0,0,1,0,0.00,0.00,0.00,0.09,55,0,3758,0,0,164
165,10,10,11,False,2026-08-24T19:00:00Z,2,3,1,False,90,1,1,0,2,0,0,0,0,0,0,2,45,51.2,23.0,37.0,11.1,1,2,0,3,1,0.63,0.06,0.69,1.33,75,0,5764207,0,0,165
166,10,10,0,False,2026-08-24T19:00:00Z,2,3,1,False,0,0,0,0,0,0,0,0,0,0,0,0,0,0.0,0.0,0.0,0.0,0,0,0,0,0,0.00,0.00,0.00,0.00,65,0,29435,0,0,166
167,10,10,0,False,2026-08-24T19:00:00Z,2,3,1,False,0,0,0,0,0,0,0,0,0,0,0,0,0,0.0,0.0,0.0,0.0,0,0,0,0,0,0.00,0.00,0.00,0.00,55,0,40156,0,0,167
168,10,10,0,False,2026-08-24T19:00:00Z,2,3,1,False,0,0,0,0,0,0,0,0,0,0,0,0,0,0.0,0.0,0.0,0.0,0,0,0,0,0,0.00,0.00,0.00,0.00,50,0,42801,0,0,168
169,10,10,0,False,2026-08-24T19:00:00Z,2,3,1,False,0,0,0,0,0,0,0,0,0,0,0,0,0,0.0,0.0,0.0,0.0,0,0,0,0,0,0.00,0.00,0.00,0.00,45,0,30422,0,0,169
170,10,10,0,False,2026-08-24T19:00:00Z,2,3,1,False,0,0,0,0,0,0,0,0,0,0,0,0,0,0.0,0.0,0.0,0.0,0,0,0,0,0,0.00,0.00,0.00,0.00,50,0,11724,0,0,170
200,10,10,6,False,2026-08-24T19:00:00Z,2,3,1,False,90,0,1,0,2,0,0,0,0,0,0,0,25,44.2,11.2,2.0,5.7,7,2,5,12,1,0.00,0.20,0.20,1.33,60,0,792478,0,0,200
560,10,10,0,False,2026-08-24T19:00:00Z,2,3,1,False,0,0,0,0,0,0,0,0,0,0,0,0,0,0.0,0.0,0.0,0.0,0,0,0,0,0,0.00,0.00,0.00,0.00,45,0,6087,0,0,560
561,10,10,0,False,2026-08-24T19:00:00Z,2,3,1,False,0,0,0,0,0,0,0,0,0,0,0,0,0,0.0,0.0,0.0,0.0,0,0,0,0,0,0.00,0.00,0.00,0.00,45,0,1770,0,0,561
568,10,10,0,False,2026-08-24T19:00:00Z,2,3,1,False,0,0,0,0,0,0,0,0,0,0,0,0,0,0.0,0.0,0.0,0.0,0,0,0,0,0,0.00,0.00,0.00,0.00,55,0,12041,0,0,568
578,10,10,0,False,2026-08-24T19:00:00Z,2,3,1,False,0,0,0,0,0,0,0,0,0,0,0,0,0,0.0,0.0,0.0,0.0,0,0,0,0,0,0.00,0.00,0.00,0.00,55,0,3847,0,0,578
583,10,10,1,False,2026-08-24T19:00:00Z,2,3,1,False,25,0,0,0,0,0,0,0,0,0,0,0,3,2.4,0.2,2.0,0.5,1,1,0,1,0,0.00,0.00,0.00,0.28,50,0,17073,0,0,583
104,1,1,2,False,2026-08-21T19:00:00Z,3,0,1,False,90,0,0,0,3,0,0,0,0,0,0,0,8,3.6,1.6,0.0,0.5,3,5,1,9,1,0.00,0.01,0.01,1.88,50,0,13188,0,0,104
110,1,1,1,False,2026-08-21T19:00:00Z,3,0,1,False,90,0,0,0,3,0,0,0,0,0,2,0,0,14.2,0.0,0.0,1.4,1,7,0,0,1,0.00,0.01,0.01,1.88,45,0,100521,0,0,110
171,1,1,0,False,2026-08-21T19:00:00Z,3,0,1,False,0,0,0,0,0,0,0,0,0,0,0,0,0,0.0,0.0,0.0,0.0,0,0,0,0,0,0.00,0.00,0.00,0.00,40,0,142267,0,0,171
172,1,1,0,False,2026-08-21T19:00:00Z,3,0,1,False,0,0,0,0,0,0,0,0,0,0,0,0,0,0.0,0.0,0.0,0.0,0,0,0,0,0,0.00,0.00,0.00,0.00,45,0,42690,0,0,172
173,1,1,3,False,2026-08-21T19:00:00Z,3,0,1,False,90,0,0,0,3,0,0,0,0,0,0,0,11,23.2,11.2,1.0,3.5,9,2,1,10,1,0.02,0.01,0.03,1.88,40,0,721945,0,0,173
174,1,1,0,False,2026-08-21T19:00:00Z,3,0,1,False,0,0,0,0,0,0,0,0,0,0,0,0,0,0.0,0.0,0.0,0.0,0,0,0,0,0,0.00,0.00,0.00,0.00,40,0,60272,0,0,174
175,1,1,1,False,2026-08-21T19:00:00Z,3,0,1,False,90,0,0,0,3,0,0,0,0,0,0,0,-8,10.6,2.0,2.0,1.5,6,3,1,7,1,0.00,0.01,0.01,1.88,40,0,1257228,0,0,175
176,1,1,1,False,2026-08-21T19:00:00Z,3,0,1,False,90,0,0,0,3,0,0,0,0,0,0,0,-4,13.8,3.8,0.0,1.8,6,1,0,6,1,0.00,0.02,0.02,1.88,40,0,73424,0,0,176
177,1,1,0,False,2026-08-21T19:00:00Z,3,0,1,False,0,0,0,0,0,0,0,0,0,0,0,0,0,0.0,0.0,0.0,0.0,0,0,0,0,0,0.00,0.00,0.00,0.00,40,0,6032,0,0,177
178,1,1,0,False,2026-08-21T19:00:00Z,3,0,1,False,0,0,0,0,0,0,0,0,0,0,0,0,0,0.0,0.0,0.0,0.0,0,0,0,0,0,0.00,0.00,0.00,0.00,40,0,7091,0,0,178
179,1,1,0,False,2026-08-21T19:00:00Z,3,0,1,False,0,0,0,0,0,0,0,0,0,0,0,0,0,0.0,0.0,0.0,0.0,0,0,0,0,0,0.00,0.00,0.00,0.00,40,0,3977,0,0,179
180,1,1,0,False,2026-08-21T19:00:00Z,3,0,1,False,0,0,0,0,0,0,0,0,0,0,0,0,0,0.0,0.0,0.0,0.0,0,0,0,0,0,0.00,0.00,0.00,0.00,40,0,16501,0,0,180
181,1,1,0,False,2026-08-21T19:00:00Z,3,0,1,False,0,0,0,0,0,0,0,0,0,0,0,0,0,0.0,0.0,0.0,0.0,0,0,0,0,0,0.00,0.00,0.00,0.00,40,0,3736,0,0,181
182,1,1,1,False,2026-08-21T19:00:00Z,3,0,1,False,90,0,0,0,3,0,0,0,0,0,0,0,1,28.8,0.8,0.0,3.0,9,4,0,9,1,0.00,0.01,0.01,1.88,40,0,75420,0,0,182
183,1,1,1,False,2026-08-21T19:00:00Z,3,0,1,False,20,0,0,0,0,0,0,0,0,0,0,0,3,5.6,3.8,17.0,2.6,0,4,1,5,0,0.15,0.00,0.15,0.29,50,0,13002,0,0,183
184,1,1,2,False,2026-08-21T19:00:00Z,3,0,1,False,90,0,0,0,3,0,0,0,0,0,0,0,14,13.4,3.7,0.0,1.7,4,3,0,7,1,0.00,0.01,0.01,1.88,50,0,17412,0,0,184
185,1,1,0,False,2026-08-21T19:00:00Z,3,0,1,False,0,0,0,0,0,0,0,0,0,0,0,0,0,0.0,0.0,0.0,0.0,0,0,0,0,0,0.00,0.00,0.00,0.00,50,0,10294,0,0,185
186,1,1,0,False,2026-08-21T19:00:00Z,3,0,1,False,0,0,0,0,0,0,0,0,0,0,0,0,0,0.0,0.0,0.0,0.0,0,0,0,0,0,0.00,0.00,0.00,0.00,55,0,11314,0,0,186
187,1,1,0,False,2026-08-21T19:00:00Z,3,0,1,False,0,0,0,0,0,0,0,0,0,0,0,0,0,0.0,0.0,0.0,0.0,0,0,0,0,0,0.00,0.00,0.00,0.00,50,0,1503,0,0,187
188,1,1,1,False,2026-08-21T19:00:00Z,3,0,1,False,28,0,0,0,0,0,0,0,0,0,0,0,8,6.8,16.4,0.0,2.3,1,0,0,1,0,0.00,0.11,0.11,0.32,55,0,15509,0,0,188
189,1,1,0,False,2026-08-21T19:00:00Z,3,0,1,False,0,0,0,0,0,0,0,0,0,0,0,0,0,0.0,0.0,0.0,0.0,0,0,0,0,0,0.00,0.00,0.00,0.00,45,0,28435,0,0,189
190,1,1,2,False,2026-08-21T19:00:00Z,3,0,1,False,81,0,0,0,3,0,0,0,0,0,0,0,11,1.8,6.0,3.0,1.1,3,5,0,8,1,0.04,0.02,0.06,1.76,55,0,12321,0,0,190
191,1,1,0,False,2026-08-21T19:00:00Z,3,0,1,False,0,0,0,0,0,0,0,0,0,0,0,0,0,0.0,0.0,0.0,0.0,0,0,0,0,0,0.00,0.00,0.00,0.00,45,0,16813,0,0,191
192,1,1,0,False,2026-08-21T19:00:00Z,3,0,1,False,0,0,0,0,0,0,0,0,0,0,0,0,0,0.0,0.0,0.0,0.0,0,0,0,0,0,0.00,0.00,0.00,0.00,45,0,62690,0,0,192
193,1,1,0,False,2026-08-21T19:00:00Z,3,0,1,False,0,0,0,0,0,0,0,0,0,0,0,0,0,0.0,0.0,0.0,0.0,0,0,0,0,0,0.00,0.00,0.00,0.00,55,0,18871,0,0,193
194,1,1,2,False,2026-08-21T19:00:00Z,3,0,1,False,69,0,0,0,3,0,0,0,0,0,0,0,9,4.6,1.1,0.0,0.6,5,1,0,6,1,0.00,0.02,0.02,1.60,50,0,66198,0,0,194
195,1,1,2,False,2026-08-21T19:00:00Z,3,0,1,False,69,0,0,0,3,0,0,0,0,0,0,0,7,2.6,12.3,2.0,1.7,1,2,0,3,1,0.00,0.01,0.01,1.60,50,0,78607,0,0,195
492,1,1,1,False,2026-08-21T19:00:00Z,3,0,1,False,20,0,0,0,0,0,0,0,0,0,0,0,4,0.0,1.4,0.0,0.1,0,1,0,1,0,0.00,0.00,0.00,0.29,55,0,76129,0,0,492
575,1,1,1,False,2026-08-21T19:00:00Z,3,0,1,False,61,0,0,0,3,0,0,0,1,0,0,0,2,0.0,3.1,0.0,0.0,0,3,0,3,1,0.00,0.00,0.00,1.56,50,0,23536,0,0,575
584,1,1,1,False,2026-08-21T19:00:00Z,3,0,1,False,8,0,0,0,0,0,0,0,0,0,0,0,3,0.4,0.3,0.0,0.1,0,1,0,1,0,0.00,0.00,0.00,0.13,55,0,12932,0,0,584
599,1,1,0,False,2026-08-21T19:00:00Z,3,0,1,False,0,0,0,0,0,0,0,0,0,0,0,0,0,0.0,0.0,0.0,0.0,0,0,0,0,0,0.00,0.00,0.00,0.00,50,0,7348,0,0,599
42,3,9,1,False,2026-08-22T14:00:00Z,2,0,1,False,27,0,0,0,0,0,0,0,0,0,0,0,3,3.2,1.8,7.0,1.2,0,0,1,1,0,0.03,0.02,0.05,0.14,55,0,3238,0,0,42
198,3,9,2,False,2026-08-22T14:00:00Z,2,0,1,False,90,0,0,0,2,0,0,0,0,0,3,0,14,28.2,0.0,0.0,2.8,3,13,0,0,1,0.00,0.00,0.00,1.12,50,0,171144,0,0,198
199,3,9,0,False,2026-08-22T14:00:00Z,2,0,1,False,0,0,0,0,0,0,0,0,0,0,0,0,0,0.0,0.0,0.0,0.0,0,0,0,0,0,0.00,0.00,0.00,0.00,45,0,10987,0,0,199
201,3,9,0,False,2026-08-22T14:00:00Z,2,0,1,False,54,0,0,0,2,0,0,0,0,0,0,0,-4,1.2,1.8,21.0,2.4,3,1,1,4,1,0.23,0.01,0.24,0.84,55,0,873015,0,0,201
202,3,9,3,False,2026-08-22T14:00:00Z,2,0,1,False,90,0,0,0,2,0,0,0,0,0,0,0,13,42.6,0.7,0.0,4.3,14,1,2,16,1,0.00,0.00,0.00,1.12,50,0,66477,0,0,202
203,3,9,1,False,2026-08-22T14:00:00Z,2,0,1,False,90,0,0,0,2,0,0,0,0,0,0,0,9,27.4,5.7,5.0,3.8,4,3,4,8,1,0.05,0.01,0.06,1.12,50,0,30748,0,0,203
204,3,9,1,False,2026-08-22T14:00:00Z,2,0,1,False,90,0,0,0,2,0,0,0,0,0,0,0,9,11.6,13.8,2.0,2.7,3,4,2,5,1,0.00,0.01,0.01,1.12,45,0,580791,0,0,204
205,3,9,0,False,2026-08-22T14:00:00Z,2,0,1,False,0,0,0,0,0,0,0,0,0,0,0,0,0,0.0,0.0,0.0,0.0,0,0,0,0,0,0.00,0.00,0.00,0.00,45,0,2785,0,0,205
206,3,9,1,False,2026-08-22T14:00:00Z,2,0,1,False,72,0,0,0,2,0,0,0,0,0,0,0,7,12.6,1.3,0.0,1.4,6,3,1,7,1,0.00,0.01,0.01,0.98,45,0,6521,0,0,206
207,3,9,0,False,2026-08-22T14:00:00Z,2,0,1,False,0,0,0,0,0,0,0,0,0,0,0,0,0,0.0,0.0,0.0,0.0,0,0,0,0,0,0.00,0.00,0.00,0.00,45,0,7928,0,0,207
208,3,9,0,False,2026-08-22T14:00:00Z,2,0,1,False,0,0,0,0,0,0,0,0,0,0,0,0,0,0.0,0.0,0.0,0.0,0,0,0,0,0,0.00,0.00,0.00,0.00,65,0,424225,0,0,208
210,3,9,4,False,2026-08-22T14:00:00Z,2,0,1,False,90,0,0,0,2,0,0,0,0,0,0,0,20,16.8,30.9,0.0,4.8,4,8,2,14,1,0.00,0.24,0.24,1.12,55,0,75177,0,0,210
211,3,9,1,False,2026-08-22T14:00:00Z,2,0,1,False,35,0,0,0,0,0,0,0,0,0,0,0,4,2.0,6.3,6.0,1.4,0,3,2,5,0,0.06,0.02,0.08,0.27,55,0,18106,0,0,211
212,3,9,0,False,2026-08-22T14:00:00Z,2,0,1,False,0,0,0,0,0,0,0,0,0,0,0,0,0,0.0,0.0,0.0,0.0,0,0,0,0,0,0.00,0.00,0.00,0.00,45,0,1093674,0,0,212
213,3,9,0,False,2026-08-22T14:00:00Z,2,0,1,False,0,0,0,0,0,0,0,0,0,0,0,0,0,0.0,0.0,0.0,0.0,0,0,0,0,0,0.00,0.00,0.00,0.00,50,0,10665,0,0,213
214,3,9,3,False,2026-08-22T14:00:00Z,2,0,1,False,90,0,0,0,2,0,0,0,1,0,0,0,25,20.4,29.3,0.0,5.0,3,8,3,14,1,0.00,0.27,0.27,1.12,50,0,24728,0,0,214
215,3,9,0,False,2026-08-22T14:00:00Z,2,0,1,False,0,0,0,0,0,0,0,0,0,0,0,0,0,0.0,0.0,0.0,0.0,0,0,0,0,0,0.00,0.00,0.00,0.00,50,0,1134,0,0,215
216,3,9,0,False,2026-08-22T14:00:00Z,2,0,1,False,0,0,0,0,0,0,0,0,0,0,0,0,0,0.0,0.0,0.0,0.0,0,0,0,0,0,0.00,0.00,0.00,0.00,50,0,3728,0,0,216
217,3,9,0,False,2026-08-22T14:00:00Z,2,0,1,False,0,0,0,0,0,0,0,0,0,0,0,0,0,0.0,0.0,0.0,0.0,0,0,0,0,0,0.00,0.00,0.00,0.00,50,0,3157,0,0,217
218,3,9,0,False,2026-08-22T14:00:00Z,2,0,1,False,0,0,0,0,0,0,0,0,0,0,0,0,0,0.0,0.0,0.0,0.0,0,0,0,0,0,0.00,0.00,0.00,0.00,50,0,6199,0,0,218
219,3,9,0,False,2026-08-22T14:00:00Z,2,0,1,False,0,0,0,0,0,0,0,0,0,0,0,0,0,0.0,0.0,0.0,0.0,0,0,0,0,0,0.00,0.00,0.00,0.00,50,0,550,0,0,219
221,3,9,0,False,2026-08-22T14:00:00Z,2,0,1,False,0,0,0,0,0,0,0,0,0,0,0,0,0,0.0,0.0,0.0,0.0,0,0,0,0,0,0.00,0.00,0.00,0.00,45,0,8076,0,0,221
222,3,9,1,False,2026-08-22T14:00:00Z,2,0,1,False,27,0,0,0,0,0,0,0,0,0,0,0,3,1.0,3.5,17.0,2.2,0,0,0,0,0,0.25,0.01,0.26,0.14,60,0,50940,0,0,222
223,3,9,2,False,2026-08-22T14:00:00Z,2,0,1,False,62,0,0,0,2,0,0,0,0,0,0,0,-3,1.4,12.3,11.0,2.5,1,2,2,5,1,0.70,0.02,0.72,0.98,65,0,504100,0,0,223
224,3,9,1,False,2026-08-22T14:00:00Z,2,0,1,False,55,0,0,0,2,0,0,0,0,0,0,0,12,10.4,24.5,23.0,5.8,1,1,1,3,1,0.60,0.58,1.18,0.84,55,0,43148,0,0,224
241,3,9,2,False,2026-08-22T14:00:00Z,2,0,1,False,62,0,0,0,2,0,0,0,0,0,0,0,11,9.6,4.7,2.0,1.6,3,2,0,5,1,0.05,0.02,0.07,0.98,55,0,15735,0,0,241
555,3,9,0,False,2026-08-22T14:00:00Z,2,0,1,False,0,0,0,0,0,0,0,0,0,0,0,0,0,0.0,0.0,0.0,0.0,0,0,0,0,0,0.00,0.00,0.00,0.00,40,0,156141,0,0,555
577,3,9,1,False,2026-08-22T14:00:00Z,2,0,1,False,18,0,0,0,0,0,0,0,0,0,0,0,3,2.4,2.4,0.0,0.5,1,1,0,1,0,0.00,0.01,0.01,0.14,45,0,31543,0,0,577
588,3,9,1,False,2026-08-22T14:00:00Z,2,0,1,False,35,0,0,0,0,0,0,0,0,0,0,0,12,24.0,26.5,4.0,5.5,5,3,4,9,0,0.00,0.16,0.16,0.27,50,0,8418,0,0,588
595,3,9,0,False,2026-08-22T14:00:00Z,2,0,1,False,0,0,0,0,0,0,0,0,0,0,0,0,0,0.0,0.0,0.0,0.0,0,0,0,0,0,0.00,0.00,0.00,0.00,50,0,1214,0,0,595
21,3,8,0,True,2026-08-22T14:00:00Z,2,0,1,False,0,0,0,0,0,0,0,0,0,0,0,0,0,0.0,0.0,0.0,0.0,0,0,0,0,0,0.00,0.00,0.00,0.00,50,0,10920,0,0,21
209,3,8,1,True,2026-08-22T14:00:00Z,2,0,1,False,6,0,0,0,0,0,0,0,0,0,0,0,3,4.0,0.3,0.0,0.4,2,0,0,2,0,0.00,0.00,0.00,0.29,60,0,15299,0,0,209
226,3,8,7,True,2026-08-22T14:00:00Z,2,0,1,False,90,0,0,1,0,0,0,0,0,0,4,0,34,31.8,0.0,0.0,3.2,0,12,0,0,1,0.00,0.02,0.02,1.96,55,0,698199,0,0,226
227,3,8,0,True,2026-08-22T14:00:00Z,2,0,1,False,0,0,0,0,0,0,0,0,0,0,0,0,0,0.0,0.0,0.0,0.0,0,0,0,0,0,0.00,0.00,0.00,0.00,50,0,3019,0,0,227
228,3,8,0,True,2026-08-22T14:00:00Z,2,0,1,False,0,0,0,0,0,0,0,0,0,0,0,0,0,0.0,0.0,0.0,0.0,0,0,0,0,0,0.00,0.00,0.00,0.00,45,0,3498,0,0,228
229,3,8,6,True,2026-08-22T14:00:00Z,2,0,1,False,90,0,0,1,0,0,0,0,0,0,0,0,25,15.2,0.8,4.0,2.0,8,4,1,9,1,0.05,0.00,0.05,1.96,60,0,765229,0,0,229
230,3,8,6,True,2026-08-22T14:00:00Z,2,0,1,False,90,0,0,1,0,0,0,0,0,0,0,0,27,18.6,0.8,6.0,2.5,6,2,2,8,1,0.00,0.01,0.01,1.96,55,0,141420,0,0,230
231,3,8,0,True,2026-08-22T14:00:00Z,2,0,1,False,0,0,0,0,0,0,0,0,0,0,0,0,0,0.0,0.0,0.0,0.0,0,0,0,0,0,0.00,0.00,0.00,0.00,50,0,151116,0,0,231
232,3,8,0,True,2026-08-22T14:00:00Z,2,0,1,False,0,0,0,0,0,0,0,0,0,0,0,0,0,0.0,0.0,0.0,0.0,0,0,0,0,0,0.00,0.00,0.00,0.00,50,0,44689,0,0,232
233,3,8,6,True,2026-08-22T14:00:00Z,2,0,1,False,90,0,0,1,0,0,0,0,0,0,0,0,27,12.8,13.8,2.0,2.9,4,4,0,4,1,0.00,0.05,0.05,1.96,45,0,134687,0,0,233
234,3,8,0,True,2026-08-22T14:00:00Z,2,0,1,False,0,0,0,0,0,0,0,0,0,0,0,0,0,0.0,0.0,0.0,0.0,0,0,0,0,0,0.00,0.00,0.00,0.00,45,0,2948,0,0,234
235,3,8,0,True,2026-08-22T14:00:00Z,2,0,1,False,0,0,0,0,0,0,0,0,0,0,0,0,0,0.0,0.0,0.0,0.0,0,0,0,0,0,0.00,0.00,0.00,0.00,40,0,16732,0,0,235
236,3,8,11,True,2026-08-22T14:00:00Z,2,0,1,False,90,1,0,1,0,0,0,0,0,0,0,3,40,42.8,28.3,27.0,9.8,1,5,2,8,1,0.12,0.17,0.29,1.92,65,0,288693,0,0,236
237,3,8,9,True,2026-08-22T14:00:00Z,2,0,1,False,90,0,1,1,0,0,0,0,0,0,0,1,36,40.8,39.8,48.0,12.9,0,8,4,12,1,0.24,0.32,0.56,1.96,60,0,1434152,0,0,237
239,3,8,1,True,2026-08-22T14:00:00Z,2,0,1,False,11,0,0,0,0,0,0,0,0,0,0,0,6,4.8,11.8,2.0,1.9,0,0,1,1,0,0.00,0.03,0.03,0.34,60,0,11659,0,0,239
240,3,8,0,True,2026-08-22T14:00:00Z,2,0,1,False,0,0,0,0,0,0,0,0,0,0,0,0,0,0.0,0.0,0.0,0.0,0,0,0,0,0,0.00,0.00,0.00,0.00,50,0,1417,0,0,240
242,3,8,3,True,2026-08-22T14:00:00Z,2,0,1,False,83,0,0,1,0,0,0,0,0,0,0,0,13,7.0,23.4,25.0,5.5,3,4,0,7,1,0.18,0.08,0.26,1.67,55,0,24527,0,0,242
243,3,8,1,True,2026-08-22T14:00:00Z,2,0,1,False,1,0,0,0,0,0,0,0,0,0,0,0,7,5.0,0.3,17.0,2.2,0,2,1,3,0,0.02,0.00,0.02,0.04,50,0,8329,0,0,243
244,3,8,8,True,2026-08-22T14:00:00Z,2,0,1,False,90,0,1,1,0,0,0,0,0,0,0,0,25,28.8,14.7,4.0,4.8,3,11,2,16,1,0.00,0.04,0.04,1.96,50,0,6793,0,0,244
245,3,8,0,True,2026-08-22T14:00:00Z,2,0,1,False,0,0,0,0,0,0,0,0,0,0,0,0,0,0.0,0.0,0.0,0.0,0,0,0,0,0,0.00,0.00,0.00,0.00,55,0,3592,0,0,245
246,3,8,3,True,2026-08-22T14:00:00Z,2,0,1,False,90,0,0,1,0,0,0,0,0,0,0,0,12,13.8,13.0,2.0,2.9,2,5,2,9,1,0.00,0.06,0.06,1.96,50,0,5179,0,0,246
247,3,8,3,True,2026-08-22T14:00:00Z,2,0,1,False,78,0,0,1,0,0,0,0,0,0,0,0,16,8.6,12.2,5.0,2.6,1,4,2,7,1,0.01,0.01,0.02,1.62,55,0,24410,0,0,247
248,3,8,1,True,2026-08-22T14:00:00Z,2,0,1,False,11,0,0,0,0,0,0,0,0,0,0,0,3,0.0,0.0,2.0,0.2,0,0,0,0,0,0.05,0.00,0.05,0.34,55,0,249740,0,0,248
249,3,8,8,True,2026-08-22T14:00:00Z,2,0,1,False,78,1,0,1,0,0,0,0,0,0,0,2,37,38.0,19.0,41.0,9.8,0,2,1,3,1,0.45,0.09,0.54,1.62,55,0,117327,0,0,249
250,10,6,2,True,2026-08-24T19:00:00Z,2,3,1,False,90,0,0,0,3,0,0,0,0,0,3,0,11,29.6,0.0,0.0,3.0,1,9,0,0,1,0.00,0.00,0.00,2.24,45,0,272035,0,0,250
251,10,6,0,True,2026-08-24T19:00:00Z,2,3,1,False,0,0,0,0,0,0,0,0,0,0,0,0,0,0.0,0.0,0.0,0.0,0,0,0,0,0,0.00,0.00,0.00,0.00,40,0,107540,0,0,251
252,10,6,0,True,2026-08-24T19:00:00Z,2,3,1,False,0,0,0,0,0,0,0,0,0,0,0,0,0,0.0,0.0,0.0,0.0,0,0,0,0,0,0.00,0.00,0.00,0.00,40,0,13569,0,0,252
253,10,6,0,True,2026-08-24T19:00:00Z,2,3,1,False,0,0,0,0,0,0,0,0,0,0,0,0,0,0.0,0.0,0.0,0.0,0,0,0,0,0,0.00,0.00,0.00,0.00,50,0,3342,0,0,253
254,10,6,1,True,2026-08-24T19:00:00Z,2,3,1,False,81,0,0,0,3,0,0,0,0,0,0,0,4,21.6,25.2,3.0,5.0,4,5,3,7,1,0.13,0.04,0.17,2.21,45,0,148513,0,0,254
255,10,6,3,True,2026-08-24T19:00:00Z,2,3,1,False,90,0,0,0,3,0,0,0,0,0,0,0,7,32.8,21.3,0.0,5.4,9,3,1,10,1,0.00,0.03,0.03,2.24,45,0,1787,0,0,255
256,10,6,0,True,2026-08-24T19:00:00Z,2,3,1,False,0,0,0,0,0,0,0,0,0,0,0,0,0,0.0,0.0,0.0,0.0,0,0,0,0,0,0.00,0.00,0.00,0.00,45,0,24681,0,0,256
257,10,6,0,True,2026-08-24T19:00:00Z,2,3,1,False,90,0,0,0,3,0,0,0,1,0,0,0,1,13.8,3.8,2.0,2.0,3,4,1,4,1,0.02,0.02,0.04,2.24,45,0,64737,0,0,257
258,10,6,6,True,2026-08-24T19:00:00Z,2,3,1,False,90,0,2,0,3,0,0,0,1,0,0,0,21,38.0,27.8,23.0,8.9,5,4,1,6,1,0.09,0.18,0.27,2.24,45,0,26346,0,0,258
261,10,6,2,True,2026-08-24T19:00:00Z,2,3,1,False,90,0,0,0,3,0,0,0,0,0,0,0,17,12.4,11.3,0.0,2.4,3,6,1,10,1,0.00,0.04,0.04,2.24,55,0,88413,0,0,261
262,10,6,0,True,2026-08-24T19:00:00Z,2,3,1,False,0,0,0,0,0,0,0,0,0,0,0,0,0,0.0,0.0,0.0,0.0,0,0,0,0,0,0.00,0.00,0.00,0.00,55,0,35036,0,0,262
263,10,6,1,True,2026-08-24T19:00:00Z,2,3,1,False,17,0,0,0,0,0,0,0,0,0,0,0,2,5.2,1.9,0.0,0.7,0,1,2,3,0,0.00,0.01,0.01,0.03,55,0,5144,0,0,263
264,10,6,2,True,2026-08-24T19:00:00Z,2,3,1,False,66,0,0,0,3,0,0,0,0,0,0,0,10,9.8,13.8,6.0,3.0,1,2,3,6,1,0.00,0.26,0.26,2.21,55,0,26829,0,0,264
265,10,6,2,True,2026-08-24T19:00:00Z,2,3,1,False,72,0,0,0,3,0,0,0,0,0,0,0,14,13.6,23.1,7.0,4.4,1,2,1,4,1,0.03,0.03,0.06,2.21,50,0,38470,0,0,265
266,10,6,0,True,2026-08-24T19:00:00Z,2,3,1,False,0,0,0,0,0,0,0,0,0,0,0,0,0,0.0,0.0,0.0,0.0,0,0,0,0,0,0.00,0.00,0.00,0.00,50,0,464,0,0,266
268,10,6,7,True,2026-08-24T19:00:00Z,2,3,1,False,90,1,0,0,3,0,0,0,0,0,0,0,34,41.6,15.6,41.0,9.8,2,4,2,8,1,0.17,0.04,0.21,2.24,55,0,14215,0,0,268
269,10,6,1,True,2026-08-24T19:00:00Z,2,3,1,False,17,0,0,0,0,0,0,0,0,0,0,0,7,6.6,0.5,19.0,2.6,1,1,0,1,0,0.03,0.00,0.03,0.03,45,0,39784,0,0,269
270,10,6,0,True,2026-08-24T19:00:00Z,2,3,1,False,0,0,0,0,0,0,0,0,0,0,0,0,0,0.0,0.0,0.0,0.0,0,0,0,0,0,0.00,0.00,0.00,0.00,45,0,139875,0,0,270
271,10,6,1,True,2026-08-24T19:00:00Z,2,3,1,False,8,0,0,0,0,0,0,0,0,0,0,0,6,6.0,11.5,7.0,2.5,1,0,0,1,0,0.02,0.00,0.02,0.03,55,0,52452,0,0,271
272,10,6,0,True,2026-08-24T19:00:00Z,2,3,1,False,0,0,0,0,0,0,0,0,0,0,0,0,0,0.0,0.0,0.0,0.0,0,0,0,0,0,0.00,0.00,0.00,0.00,45,0,669004,0,0,272
569,10,6,6,True,2026-08-24T19:00:00Z,2,3,1,False,90,1,0,0,3,0,0,0,0,0,0,0,33,37.2,4.3,40.0,8.2,0,1,1,2,1,0.73,0.01,0.74,2.24,60,0,180799,0,0,569
570,10,6,2,True,2026-08-24T19:00:00Z,2,3,1,False,72,0,0,0,3,0,0,0,0,0,0,0,10,2.8,7.3,8.0,1.8,0,2,2,4,1,0.16,0.01,0.17,2.21,55,0,18267,0,0,570
580,10,6,1,True,2026-08-24T19:00:00Z,2,3,1,False,23,0,0,0,0,0,0,0,0,0,0,0,5,3.4,1.3,0.0,0.5,0,2,1,3,0,0.00,0.00,0.00,0.03,50,0,8110,0,0,580
610,10,6,0,True,2026-08-24T19:00:00Z,2,3,1,False,0,0,0,0,0,0,0,0,0,0,0,0,0,0.0,0.0,0.0,0.0,0,0,0,0,0,0.00,0.00,0.00,0.00,40,0,0,0,0,610
273,4,16,0,True,2026-08-22T11:30:00Z,2,0,1,False,0,0,0,0,0,0,0,0,0,0,0,0,0,0.0,0.0,0.0,0.0,0,0,0,0,0,0.00,0.00,0.00,0.00,40,0,138196,0,0,273
274,4,16,0,True,2026-08-22T11:30:00Z,2,0,1,False,0,0,0,0,0,0,0,0,0,0,0,0,0,0.0,0.0,0.0,0.0,0,0,0,0,0,0.00,0.00,0.00,0.00,45,0,11096,0,0,274
277,4,16,8,True,2026-08-22T11:30:00Z,2,0,1,False,90,0,0,1,0,0,0,0,0,0,0,0,27,43.4,0.1,2.0,4.6,20,3,1,21,1,0.00,0.00,0.00,1.83,40,0,134746,0,0,277
278,4,16,0,True,2026-08-22T11:30:00Z,2,0,1,False,0,0,0,0,0,0,0,0,0,0,0,0,0,0.0,0.0,0.0,0.0,0,0,0,0,0,0.00,0.00,0.00,0.00,40,0,12660,0,0,278
279,4,16,14,True,2026-08-22T11:30:00Z,2,0,1,False,63,1,0,1,0,0,0,0,0,0,0,2,39,44.2,0.2,35.0,7.9,7,3,0,7,1,0.52,0.00,0.52,0.86,40,0,83256,0,0,279
280,4,16,6,True,2026-08-22T11:30:00Z,2,0,1,False,69,0,0,1,0,0,0,0,0,0,0,0,23,5.8,11.3,0.0,1.7,1,3,1,2,1,0.00,0.01,0.01,1.16,40,0,59278,0,0,280
281,4,16,1,True,2026-08-22T11:30:00Z,2,0,1,False,20,0,0,0,0,0,0,0,0,0,0,0,4,2.2,0.0,1.0,0.3,2,2,1,3,0,0.05,0.00,0.05,0.67,40,0,1668,0,0,281
282,4,16,6,True,2026-08-22T11:30:00Z,2,0,1,False,84,0,0,1,0,0,0,0,0,0,0,0,24,13.8,18.8,4.0,3.7,5,1,1,6,1,0.02,0.07,0.09,1.76,40,0,67208,0,0,282
283,4,16,0,True,2026-08-22T11:30:00Z,2,0,1,False,0,0,0,0,0,0,0,0,0,0,0,0,0,0.0,0.0,0.0,0.0,0,0,0,0,0,0.00,0.00,0.00,0.00,40,0,1251,0,0,283
284,4,16,0,True,2026-08-22T11:30:00Z,2,0,1,False,0,0,0,0,0,0,0,0,0,0,0,0,0,0.0,0.0,0.0,0.0,0,0,0,0,0,0.00,0.00,0.00,0.00,40,0,7616,0,0,284
285,4,16,1,True,2026-08-22T11:30:00Z,2,0,1,False,26,0,0,0,0,0,0,0,0,0,0,0,3,4.2,0.0,0.0,0.4,2,1,0,2,0,0.00,0.00,0.00,0.96,40,0,8697,0,0,285
286,4,16,3,True,2026-08-22T11:30:00Z,2,0,1,False,90,0,0,1,0,0,0,0,0,0,0,0,8,10.6,2.2,7.0,2.0,3,3,4,10,1,0.05,0.03,0.08,1.83,50,0,40446,0,0,286
287,4,16,0,True,2026-08-22T11:30:00Z,2,0,1,False,19,0,0,0,0,0,0,0,1,0,0,0,2,2.0,0.3,2.0,0.4,1,1,1,3,0,0.00,0.00,0.00,0.67,50,0,6086,0,0,287
288,4,16,0,True,2026-08-22T11:30:00Z,2,0,1,False,0,0,0,0,0,0,0,0,0,0,0,0,0,0.0,0.0,0.0,0.0,0,0,0,0,0,0.00,0.00,0.00,0.00,45,0,35457,0,0,288
289,4,16,2,True,2026-08-22T11:30:00Z,2,0,1,False,90,0,0,1,0,0,0,0,1,0,0,0,9,19.0,2.4,0.0,2.1,4,1,4,9,1,0.00,0.00,0.00,1.83,45,0,57929,0,0,289
290,4,16,6,True,2026-08-22T11:30:00Z,2,0,1,False,90,0,1,1,0,0,0,0,0,0,0,0,20,18.4,19.3,0.0,3.8,0,2,1,3,1,0.00,0.44,0.44,1.83,45,0,272889,0,0,290
291,4,16,0,True,2026-08-22T11:30:00Z,2,0,1,False,0,0,0,0,0,0,0,0,0,0,0,0,0,0.0,0.0,0.0,0.0,0,0,0,0,0,0.00,0.00,0.00,0.00,45,0,600,0,0,291
292,4,16,0,True,2026-08-22T11:30:00Z,2,0,1,False,0,0,0,0,0,0,0,0,0,0,0,0,0,0.0,0.0,0.0,0.0,0,0,0,0,0,0.00,0.00,0.00,0.00,50,0,1546,0,0,292
294,4,16,0,True,2026-08-22T11:30:00Z,2,0,1,False,0,0,0,0,0,0,0,0,0,0,0,0,0,0.0,0.0,0.0,0.0,0,0,0,0,0,0.00,0.00,0.00,0.00,45,0,10995,0,0,294
295,4,16,5,True,2026-08-22T11:30:00Z,2,0,1,False,90,0,1,1,0,0,0,0,0,0,0,0,21,17.2,21.1,52.0,9.0,3,2,0,5,1,0.16,0.01,0.17,1.83,55,0,113765,0,0,295
296,4,16,0,True,2026-08-22T11:30:00Z,2,0,1,False,0,0,0,0,0,0,0,0,0,0,0,0,0,0.0,0.0,0.0,0.0,0,0,0,0,0,0.00,0.00,0.00,0.00,50,0,3400,0,0,296
297,4,16,0,True,2026-08-22T11:30:00Z,2,0,1,False,0,0,0,0,0,0,0,0,0,0,0,0,0,0.0,0.0,0.0,0.0,0,0,0,0,0,0.00,0.00,0.00,0.00,45,0,2774,0,0,297
340,4,16,0,True,2026-08-22T11:30:00Z,2,0,1,False,0,0,0,0,0,0,0,0,0,0,0,0,0,0.0,0.0,0.0,0.0,0,0,0,0,0,0.00,0.00,0.00,0.00,50,0,1365,0,0,340
556,4,16,1,True,2026-08-22T11:30:00Z,2,0,1,False,5,0,0,0,0,0,0,0,0,0,0,0,3,0.4,0.0,0.0,0.0,0,1,0,0,0,0.00,0.00,0.00,0.07,40,0,218902,0,0,556
563,4,16,0,True,2026-08-22T11:30:00Z,2,0,1,False,0,0,0,0,0,0,0,0,0,0,0,0,0,0.0,0.0,0.0,0.0,0,0,0,0,0,0.00,0.00,0.00,0.00,50,0,2175,0,0,563
572,4,16,10,True,2026-08-22T11:30:00Z,2,0,1,False,90,0,0,1,0,0,0,0,0,0,5,3,41,34.6,0.0,0.0,3.5,0,22,0,0,1,0.00,0.00,0.00,1.83,45,0,48305,0,0,572
574,4,16,0,True,2026-08-22T11:30:00Z,2,0,1,False,0,0,0,0,0,0,0,0,0,0,0,0,0,0.0,0.0,0.0,0.0,0,0,0,0,0,0.00,0.00,0.00,0.00,50,0,7500,0,0,574
576,4,16,3,True,2026-08-22T11:30:00Z,2,0,1,False,70,0,0,1,0,0,0,0,0,0,0,0,11,8.4,4.8,0.0,1.3,1,2,3,6,1,0.00,0.03,0.03,1.16,50,0,6733,0,0,576
585,4,16,1,True,2026-08-22T11:30:00Z,2,0,1,False,26,0,0,0,0,0,0,0,0,0,0,0,4,8.0,0.0,0.0,0.8,4,0,0,4,0,0.00,0.00,0.00,0.96,40,0,53978,0,0,585
586,4,16,15,True,2026-08-22T11:30:00Z,2,0,1,False,63,1,0,1,0,0,0,0,0,0,0,1,35,51.8,0.6,33.0,8.5,13,2,0,13,1,0.28,0.00,0.28,0.86,40,0,92688,0,0,586
589,4,16,0,True,2026-08-22T11:30:00Z,2,0,1,False,0,0,0,0,0,0,0,0,0,0,0,0,0,0.0,0.0,0.0,0.0,0,0,0,0,0,0.00,0.00,0.00,0.00,50,0,2352,0,0,589
259,5,20,2,True,2026-08-22T14:00:00Z,2,1,1,False,90,0,0,0,1,0,0,0,0,0,0,0,7,7.2,0.8,2.0,1.0,4,6,1,5,1,0.00,0.01,0.01,0.66,40,0,1668644,0,0,259
267,5,20,5,True,2026-08-22T14:00:00Z,2,1,1,False,90,0,1,0,1,0,0,0,0,0,0,0,22,23.4,14.8,2.0,4.0,2,3,1,6,1,0.00,0.02,0.02,0.66,50,0,10816,0,0,267
300,5,20,0,True,2026-08-22T14:00:00Z,2,1,1,False,0,0,0,0,0,0,0,0,0,0,0,0,0,0.0,0.0,0.0,0.0,0,0,0,0,0,0.00,0.00,0.00,0.00,45,0,47085,0,0,300
301,5,20,0,True,2026-08-22T14:00:00Z,2,1,1,False,0,0,0,0,0,0,0,0,0,0,0,0,0,0.0,0.0,0.0,0.0,0,0,0,0,0,0.00,0.00,0.00,0.00,40,0,426453,0,0,301
302,5,20,0,True,2026-08-22T14:00:00Z,2,1,1,False,0,0,0,0,0,0,0,0,0,0,0,0,0,0.0,0.0,0.0,0.0,0,0,0,0,0,0.00,0.00,0.00,0.00,40,0,40566,0,0,302
303,5,20,0,True,2026-08-22T14:00:00Z,2,1,1,False,0,0,0,0,0,0,0,0,0,0,0,0,0,0.0,0.0,0.0,0.0,0,0,0,0,0,0.00,0.00,0.00,0.00,40,0,57775,0,0,303
304,5,20,4,True,2026-08-22T14:00:00Z,2,1,1,False,90,0,0,0,1,0,0,0,0,0,0,0,16,48.0,24.5,2.0,7.5,16,6,2,18,1,0.00,0.16,0.16,0.66,40,0,313565,0,0,304
305,5,20,2,True,2026-08-22T14:00:00Z,2,1,1,False,90,0,0,0,1,0,0,0,0,0,0,0,10,15.2,2.3,0.0,1.8,7,4,0,7,1,0.00,0.01,0.01,0.66,40,0,479363,0,0,305
306,5,20,2,True,2026-08-22T14:00:00Z,2,1,1,False,90,0,0,0,1,0,0,0,0,0,0,0,12,16.4,1.3,0.0,1.8,4,1,3,7,1,0.00,0.00,0.00,0.66,40,0,134129,0,0,306
307,5,20,0,True,2026-08-22T14:00:00Z,2,1,1,False,0,0,0,0,0,0,0,0,0,0,0,0,0,0.0,0.0,0.0,0.0,0,0,0,0,0,0.00,0.00,0.00,0.00,40,0,10016,0,0,307
308,5,20,0,True,2026-08-22T14:00:00Z,2,1,1,False,0,0,0,0,0,0,0,0,0,0,0,0,0,0.0,0.0,0.0,0.0,0,0,0,0,0,0.00,0.00,0.00,0.00,40,0,56130,0,0,308
309,5,20,4,True,2026-08-22T14:00:00Z,2,1,1,False,79,0,0,0,1,0,0,0,0,0,0,0,26,13.0,7.3,4.0,2.4,4,6,2,12,1,0.03,0.03,0.06,0.63,50,0,11544,0,0,309
310,5,20,0,True,2026-08-22T14:00:00Z,2,1,1,False,0,0,0,0,0,0,0,0,0,0,0,0,0,0.0,0.0,0.0,0.0,0,0,0,0,0,0.00,0.00,0.00,0.00,50,0,430,0,0,310
312,5,20,0,True,2026-08-22T14:00:00Z,2,1,1,False,0,0,0,0,0,0,0,0,0,0,0,0,0,0.0,0.0,0.0,0.0,0,0,0,0,0,0.00,0.00,0.00,0.00,45,0,4505,0,0,312
313,5,20,7,True,2026-08-22T14:00:00Z,2,1,1,False,19,1,0,0,0,0,0,0,0,0,0,1,27,33.6,0.6,18.0,5.2,0,1,1,2,0,0.10,0.00,0.10,0.03,55,0,24135,0,0,313
314,5,20,0,True,2026-08-22T14:00:00Z,2,1,1,False,0,0,0,0,0,0,0,0,0,0,0,0,0,0.0,0.0,0.0,0.0,0,0,0,0,0,0.00,0.00,0.00,0.00,50,0,1539,0,0,314
315,5,20,2,True,2026-08-22T14:00:00Z,2,1,1,False,65,0,0,0,1,0,0,0,0,0,0,0,22,18.6,28.4,8.0,5.5,1,2,4,7,1,0.00,0.41,0.41,0.63,55,0,21235,0,0,315
316,5,20,9,True,2026-08-22T14:00:00Z,2,1,1,False,65,1,0,0,1,0,0,0,0,0,0,3,41,45.6,26.3,40.0,11.2,1,1,1,3,1,0.82,0.06,0.88,0.63,55,0,33590,0,0,316
318,5,20,0,True,2026-08-22T14:00:00Z,2,1,1,False,0,0,0,0,0,0,0,0,0,0,0,0,0,0.0,0.0,0.0,0.0,0,0,0,0,0,0.00,0.00,0.00,0.00,55,0,14821,0,0,318
320,5,20,1,True,2026-08-22T14:00:00Z,2,1,1,False,24,0,0,0,0,0,0,0,0,0,0,0,3,1.4,0.0,2.0,0.3,0,2,1,3,0,0.00,0.00,0.00,0.03,50,0,47871,0,0,320
321,5,20,1,True,2026-08-22T14:00:00Z,2,1,1,False,10,0,0,0,0,0,0,0,0,0,0,0,3,0.0,0.1,0.0,0.0,0,0,0,0,0,0.00,0.00,0.00,0.03,45,0,199675,0,0,321
322,5,20,0,True,2026-08-22T14:00:00Z,2,1,1,False,0,0,0,0,0,0,0,0,0,0,0,0,0,0.0,0.0,0.0,0.0,0,0,0,0,0,0.00,0.00,0.00,0.00,50,0,13332,0,0,322
323,5,20,1,True,2026-08-22T14:00:00Z,2,1,1,False,24,0,0,0,0,0,0,0,0,0,0,0,4,1.2,1.3,0.0,0.3,0,2,1,3,0,0.00,0.00,0.00,0.03,45,0,130440,0,0,323
324,5,20,0,True,2026-08-22T14:00:00Z,2,1,1,False,0,0,0,0,0,0,0,0,0,0,0,0,0,0.0,0.0,0.0,0.0,0,0,0,0,0,0.00,0.00,0.00,0.00,50,0,4850,0,0,324
562,5,20,2,True,2026-08-22T14:00:00Z,2,1,1,False,79,0,0,0,1,0,0,0,0,0,0,0,7,12.6,1.4,7.0,2.1,3,2,4,9,1,0.61,0.00,0.61,0.63,55,0,37656,0,0,562
564,5,20,2,True,2026-08-22T14:00:00Z,2,1,1,False,90,0,0,0,1,0,0,0,0,0,2,0,12,14.4,0.0,0.0,1.4,1,10,0,0,1,0.00,0.00,0.00,0.66,45,0,57252,0,0,564
571,5,20,0,True,2026-08-22T14:00:00Z,2,1,1,False,0,0,0,0,0,0,0,0,0,0,0,0,0,0.0,0.0,0.0,0.0,0,0,0,0,0,0.00,0.00,0.00,0.00,50,0,12850,0,0,571
591,5,20,5,True,2026-08-22T14:00:00Z,2,1,1,False,70,0,1,0,1,0,0,0,0,0,0,0,24,21.6,14.0,18.0,5.4,2,5,1,8,1,0.23,0.31,0.54,0.63,55,0,24595,0,0,591
592,5,20,1,True,2026-08-22T14:00:00Z,2,1,1,False,10,0,0,0,0,0,0,0,0,0,0,0,4,5.2,10.0,0.0,1.5,2,0,0,2,0,0.00,0.00,0.00,0.03,40,0,86218,0,0,592
602,5,20,0,True,2026-08-22T14:00:00Z,2,1,1,False,0,0,0,0,0,0,0,0,0,0,0,0,0,0.0,0.0,0.0,0.0,0,0,0,0,0,0.00,0.00,0.00,0.00,45,0,0,0,0,602
260,6,18,3,False,2026-08-22T14:00:00Z,0,1,1,False,65,0,0,1,0,0,0,0,0,0,0,0,8,6.2,15.3,4.0,2.6,0,0,2,2,1,0.00,0.02,0.02,0.53,65,0,577649,0,0,260
326,6,18,0,False,2026-08-22T14:00:00Z,0,1,1,False,0,0,0,0,0,0,0,0,0,0,0,0,0,0.0,0.0,0.0,0.0,0,0,0,0,0,0.00,0.00,0.00,0.00,45,0,52897,0,0,326
327,6,18,10,False,2026-08-22T14:00:00Z,0,1,1,False,90,0,0,1,0,0,0,0,0,0,0,2,28,23.6,0.4,15.0,3.9,11,5,1,12,1,0.11,0.00,0.11,0.66,50,0,27043,0,0,327
329,6,18,6,False,2026-08-22T14:00:00Z,0,1,1,False,90,0,0,1,0,0,0,0,0,0,0,0,21,14.4,14.4,5.0,3.4,6,1,1,7,1,0.03,0.06,0.09,0.66,45,0,330772,0,0,329
330,6,18,6,False,2026-08-22T14:00:00Z,0,1,1,False,90,0,0,1,0,0,0,0,0,0,0,0,24,7.0,1.1,0.0,0.8,2,3,1,3,1,0.00,0.00,0.00,0.66,45,0,45674,0,0,330
331,6,18,0,False,2026-08-22T14:00:00Z,0,1,1,False,0,0,0,0,0,0,0,0,0,0,0,0,0,0.0,0.0,0.0,0.0,0,0,0,0,0,0.00,0.00,0.00,0.00,45,0,5099,0,0,331
332,6,18,10,False,2026-08-22T14:00:00Z,0,1,1,False,90,0,0,1,0,0,0,0,0,0,0,2,28,24.6,2.3,2.0,2.9,6,4,6,12,1,0.00,0.01,0.01,0.66,45,0,52732,0,0,332
334,6,18,6,False,2026-08-22T14:00:00Z,0,1,1,False,90,0,0,1,0,0,0,0,0,0,0,0,25,15.6,0.6,17.0,3.3,7,1,0,7,1,0.09,0.00,0.09,0.66,50,0,306283,0,0,334
335,6,18,13,False,2026-08-22T14:00:00Z,0,1,1,False,90,1,0,1,0,0,0,0,0,0,0,3,37,47.8,2.3,16.0,6.6,8,5,3,16,1,0.10,0.05,0.15,0.66,60,0,80326,0,0,335
336,6,18,1,False,2026-08-22T14:00:00Z,0,1,1,False,24,0,0,0,0,0,0,0,0,0,0,0,10,10.0,14.0,4.0,2.8,1,2,2,5,0,0.00,0.16,0.16,0.13,60,0,45369,0,0,336
337,6,18,3,False,2026-08-22T14:00:00Z,0,1,1,False,81,0,0,1,0,0,0,0,0,0,0,0,16,8.0,1.1,7.0,1.6,0,6,1,7,1,0.01,0.01,0.02,0.58,55,0,87156,0,0,337
338,6,18,5,False,2026-08-22T14:00:00Z,0,1,1,False,90,0,0,1,0,0,0,0,0,0,0,0,18,18.6,23.3,0.0,4.2,6,5,2,13,1,0.00,0.04,0.04,0.66,55,0,132659,0,0,338
339,6,18,1,False,2026-08-22T14:00:00Z,0,1,1,False,8,0,0,0,0,0,0,0,0,0,0,0,3,0.0,0.2,0.0,0.0,0,0,0,0,0,0.00,0.00,0.00,0.07,50,0,12582,0,0,339
341,6,18,0,False,2026-08-22T14:00:00Z,0,1,1,False,0,0,0,0,0,0,0,0,0,0,0,0,0,0.0,0.0,0.0,0.0,0,0,0,0,0,0.00,0.00,0.00,0.00,50,0,2172,0,0,341
343,6,18,0,False,2026-08-22T14:00:00Z,0,1,1,False,0,0,0,0,0,0,0,0,0,0,0,0,0,0.0,0.0,0.0,0.0,0,0,0,0,0,0.00,0.00,0.00,0.00,50,0,11272,0,0,343
344,6,18,0,False,2026-08-22T14:00:00Z,0,1,1,False,0,0,0,0,0,0,0,0,0,0,0,0,0,0.0,0.0,0.0,0.0,0,0,0,0,0,0.00,0.00,0.00,0.00,50,0,461,0,0,344
345,6,18,0,False,2026-08-22T14:00:00Z,0,1,1,False,0,0,0,0,0,0,0,0,0,0,0,0,0,0.0,0.0,0.0,0.0,0,0,0,0,0,0.00,0.00,0.00,0.00,50,0,23052,0,0,345
346,6,18,1,False,2026-08-22T14:00:00Z,0,1,1,False,90,0,0,1,0,0,0,0,1,0,0,0,-2,0.0,0.8,11.0,0.7,0,2,0,2,1,0.13,0.00,0.13,0.66,60,0,2823371,0,0,346
347,6,18,0,False,2026-08-22T14:00:00Z,0,1,1,False,0,0,0,0,0,0,0,0,0,0,0,0,0,0.0,0.0,0.0,0.0,0,0,0,0,0,0.00,0.00,0.00,0.00,55,0,53564,0,0,347
349,6,18,0,False,2026-08-22T14:00:00Z,0,1,1,False,0,0,0,0,0,0,0,0,0,0,0,0,0,0.0,0.0,0.0,0.0,0,0,0,0,0,0.00,0.00,0.00,0.00,45,0,5936,0,0,349
385,6,18,9,False,2026-08-22T14:00:00Z,0,1,1,False,90,0,0,1,0,0,0,0,0,0,3,2,28,19.4,0.0,0.0,1.9,0,9,0,0,1,0.00,0.00,0.00,0.66,50,0,265439,0,0,385
598,6,18,0,False,2026-08-22T14:00:00Z,0,1,1,False,0,0,0,0,0,0,0,0,0,0,0,0,0,0.0,0.0,0.0,0.0,0,0,0,0,0,0.00,0.00,0.00,0.00,45,0,1842,0,0,598
603,6,18,0,False,2026-08-22T14:00:00Z,0,1,1,False,0,0,0,0,0,0,0,0,0,0,0,0,0,0.0,0.0,0.0,0.0,0,0,0,0,0,0.00,0.00,0.00,0.00,40,0,0,0,0,603
604,6,18,0,False,2026-08-22T14:00:00Z,0,1,1,False,0,0,0,0,0,0,0,0,0,0,0,0,0,0.0,0.0,0.0,0.0,0,0,0,0,0,0.00,0.00,0.00,0.00,45,0,0,0,0,604
350,9,17,2,False,2026-08-23T15:30:00Z,2,2,1,False,90,0,0,0,2,0,0,0,0,0,3,0,7,17.8,0.0,0.0,1.8,2,6,0,0,1,0.00,0.00,0.00,1.58,55,0,302846,0,0,350
351,9,17,0,False,2026-08-23T15:30:00Z,2,2,1,False,0,0,0,0,0,0,0,0,0,0,0,0,0,0.0,0.0,0.0,0.0,0,0,0,0,0,0.00,0.00,0.00,0.00,50,0,13503,0,0,351
352,9,17,0,False,2026-08-23T15:30:00Z,2,2,1,False,0,0,0,0,0,0,0,0,0,0,0,0,0,0.0,0.0,0.0,0.0,0,0,0,0,0,0.00,0.00,0.00,0.00,40,0,97477,0,0,352
354,9,17,0,False,2026-08-23T15:30:00Z,2,2,1,False,0,0,0,0,0,0,0,0,0,0,0,0,0,0.0,0.0,0.0,0.0,0,0,0,0,0,0.00,0.00,0.00,0.00,40,0,1351,0,0,354
355,9,17,0,False,2026-08-23T15:30:00Z,2,2,1,False,0,0,0,0,0,0,0,0,0,0,0,0,0,0.0,0.0,0.0,0.0,0,0,0,0,0,0.00,0.00,0.00,0.00,40,0,11845,0,0,355
356,9,17,2,False,2026-08-23T15:30:00Z,2,2,1,False,90,0,0,0,2,0,0,0,1,0,0,0,8,25.6,1.6,24.0,5.1,9,6,2,11,1,0.25,0.01,0.26,1.58,65,0,1670280,0,0,356
357,9,17,0,False,2026-08-23T15:30:00Z,2,2,1,False,90,0,0,0,2,0,0,0,1,0,0,0,3,13.6,37.8,10.0,6.1,1,3,1,2,1,0.01,0.09,0.10,1.58,55,0,302241,0,0,357
358,9,17,0,False,2026-08-23T15:30:00Z,2,2,1,False,90,0,0,0,2,0,0,0,1,0,0,0,3,18.0,13.8,12.0,4.4,4,3,3,7,1,0.02,0.02,0.04,1.58,55,0,332539,0,0,358
359,9,17,0,False,2026-08-23T15:30:00Z,2,2,1,False,0,0,0,0,0,0,0,0,0,0,0,0,0,0.0,0.0,0.0,0.0,0,0,0,0,0,0.00,0.00,0.00,0.00,50,0,1714,0,0,359
360,9,17,0,False,2026-08-23T15:30:00Z,2,2,1,False,0,0,0,0,0,0,0,0,0,0,0,0,0,0.0,0.0,0.0,0.0,0,0,0,0,0,0.00,0.00,0.00,0.00,50,0,957,0,0,360
361,9,17,0,False,2026-08-23T15:30:00Z,2,2,1,False,0,0,0,0,0,0,0,0,0,0,0,0,0,0.0,0.0,0.0,0.0,0,0,0,0,0,0.00,0.00,0.00,0.00,40,0,10838,0,0,361
362,9,17,1,False,2026-08-23T15:30:00Z,2,2,1,False,69,0,0,0,2,0,0,0,0,0,0,0,9,12.4,11.9,0.0,2.4,2,3,1,3,1,0.00,0.02,0.02,1.04,50,0,205604,0,0,362
363,9,17,0,False,2026-08-23T15:30:00Z,2,2,1,False,0,0,0,0,0,0,0,0,0,0,0,0,0,0.0,0.0,0.0,0.0,0,0,0,0,0,0.00,0.00,0.00,0.00,40,0,4082,0,0,363
364,9,17,0,False,2026-08-23T15:30:00Z,2,2,1,False,0,0,0,0,0,0,0,0,0,0,0,0,0,0.0,0.0,0.0,0.0,0,0,0,0,0,0.00,0.00,0.00,0.00,50,0,6683,0,0,364
365,9,17,0,False,2026-08-23T15:30:00Z,2,2,1,False,0,0,0,0,0,0,0,0,0,0,0,0,0,0.0,0.0,0.0,0.0,0,0,0,0,0,0.00,0.00,0.00,0.00,40,0,19328,0,0,365
366,9,17,2,False,2026-08-23T15:30:00Z,2,2,1,False,62,0,0,0,2,0,0,0,0,0,0,0,16,9.8,17.9,29.0,5.7,0,4,1,5,1,0.26,0.04,0.30,0.51,75,0,1122658,0,0,366
367,9,17,12,False,2026-08-23T15:30:00Z,2,2,1,False,90,1,0,0,2,0,0,0,0,0,0,3,33,44.0,34.0,37.0,11.5,4,5,3,12,1,0.30,0.15,0.45,1.58,70,0,310403,0,0,367
368,9,17,8,False,2026-08-23T15:30:00Z,2,2,1,False,90,1,0,0,2,0,0,0,0,0,0,1,29,50.4,47.1,21.0,11.9,2,4,1,7,1,0.85,0.27,1.12,1.58,70,0,3733259,0,0,368
369,9,17,2,False,2026-08-23T15:30:00Z,2,2,1,False,62,0,0,0,2,0,0,0,0,0,0,0,9,2.4,6.0,5.0,1.3,0,2,1,3,1,0.04,0.02,0.06,0.51,60,0,104767,0,0,369
370,9,17,0,False,2026-08-23T15:30:00Z,2,2,1,False,0,0,0,0,0,0,0,0,0,0,0,0,0,0.0,0.0,0.0,0.0,0,0,0,0,0,0.00,0.00,0.00,0.00,55,0,11756,0,0,370
371,9,17,5,False,2026-08-23T15:30:00Z,2,2,1,False,77,0,1,0,2,0,0,0,0,0,0,0,26,24.4,16.0,4.0,4.4,2,8,1,11,1,0.06,0.05,0.11,1.10,60,0,172067,0,0,371
372,9,17,1,False,2026-08-23T15:30:00Z,2,2,1,False,27,0,0,0,0,0,0,0,0,0,0,0,9,5.8,1.4,0.0,0.7,0,1,2,3,0,0.00,0.01,0.01,1.07,55,0,151941,0,0,372
373,9,17,0,False,2026-08-23T15:30:00Z,2,2,1,False,0,0,0,0,0,0,0,0,0,0,0,0,0,0.0,0.0,0.0,0.0,0,0,0,0,0,0.00,0.00,0.00,0.00,55,0,4822,0,0,373
374,9,17,0,False,2026-08-23T15:30:00Z,2,2,1,False,0,0,0,0,0,0,0,0,0,0,0,0,0,0.0,0.0,0.0,0.0,0,0,0,0,0,0.00,0.00,0.00,0.00,50,0,5090,0,0,374
375,9,17,0,False,2026-08-23T15:30:00Z,2,2,1,False,0,0,0,0,0,0,0,0,0,0,0,0,0,0.0,0.0,0.0,0.0,0,0,0,0,0,0.00,0.00,0.00,0.00,50,0,3729,0,0,375
376,9,17,0,False,2026-08-23T15:30:00Z,2,2,1,False,0,0,0,0,0,0,0,0,0,0,0,0,0,0.0,0.0,0.0,0.0,0,0,0,0,0,0.00,0.00,0.00,0.00,50,0,157,0,0,376
377,9,17,4,False,2026-08-23T15:30:00Z,2,2,1,False,27,0,1,0,0,0,0,0,0,0,0,0,15,4.0,8.9,14.0,2.7,0,0,0,0,0,0.10,0.04,0.14,1.07,65,0,48042,0,0,377
378,9,17,0,False,2026-08-23T15:30:00Z,2,2,1,False,0,0,0,0,0,0,0,0,0,0,0,0,0,0.0,0.0,0.0,0.0,0,0,0,0,0,0.00,0.00,0.00,0.00,45,0,24189,0,0,378
379,9,17,2,False,2026-08-23T15:30:00Z,2,2,1,False,90,0,0,0,2,0,0,0,0,0,0,0,6,11.4,14.6,66.0,9.2,1,0,0,1,1,1.09,0.01,1.10,1.58,90,0,1493302,0,0,379
380,9,17,0,False,2026-08-23T15:30:00Z,2,2,1,False,0,0,0,0,0,0,0,0,0,0,0,0,0,0.0,0.0,0.0,0.0,0,0,0,0,0,0.00,0.00,0.00,0.00,75,0,14410,0,0,380
381,9,17,1,False,2026-08-23T15:30:00Z,2,2,1,False,12,0,0,0,0,0,0,0,0,0,0,0,4,1.2,0.5,7.0,0.9,0,1,0,1,0,0.03,0.00,0.03,0.48,50,0,1626,0,0,381
382,9,17,0,False,2026-08-23T15:30:00Z,2,2,1,False,0,0,0,0,0,0,0,0,0,0,0,0,0,0.0,0.0,0.0,0.0,0,0,0,0,0,0.00,0.00,0.00,0.00,45,0,3221,0,0,382
383,9,17,0,False,2026-08-23T15:30:00Z,2,2,1,False,0,0,0,0,0,0,0,0,0,0,0,0,0,0.0,0.0,0.0,0.0,0,0,0,0,0,0.00,0.00,0.00,0.00,55,0,6399,0,0,383
579,9,17,1,False,2026-08-23T15:30:00Z,2,2,1,False,20,0,0,0,0,0,0,0,0,0,0,0,3,13.2,1.2,0.0,1.4,3,1,1,4,0,0.00,0.03,0.03,0.54,55,0,211388,0,0,579
238,8,3,1,True,2026-08-23T13:00:00Z,2,1,1,False,8,0,0,0,0,0,0,0,0,0,0,0,2,1.0,0.6,0.0,0.2,0,0,1,1,0,0.00,0.00,0.00,0.00,65,0,16005,0,0,238
384,8,3,3,True,2026-08-23T13:00:00Z,2,1,1,False,90,0,0,0,1,0,0,0,0,0,3,0,12,26.8,0.0,0.0,2.7,1,4,0,0,1,0.00,0.00,0.00,0.65,55,0,722204,0,0,384
386,8,3,0,True,2026-08-23T13:00:00Z,2,1,1,False,0,0,0,0,0,0,0,0,0,0,0,0,0,0.0,0.0,0.0,0.0,0,0,0,0,0,0.00,0.00,0.00,0.00,45,0,2479,0,0,386
387,8,3,2,True,2026-08-23T13:00:00Z,2,1,1,False,62,0,0,0,1,0,0,0,0,0,0,0,5,8.8,30.4,11.0,5.0,1,5,1,2,1,0.07,0.41,0.48,0.55,65,0,1877660,0,0,387
388,8,3,10,True,2026-08-23T13:00:00Z,2,1,1,False,90,1,0,0,1,0,0,0,0,0,0,2,31,43.6,17.5,28.0,8.9,1,4,3,4,1,0.89,0.32,1.21,0.65,60,0,1521853,0,0,388
389,8,3,1,True,2026-08-23T13:00:00Z,2,1,1,False,33,0,0,0,0,0,0,0,0,0,0,0,4,3.8,1.5,4.0,0.9,1,2,0,1,0,0.00,0.04,0.04,0.10,60,0,123928,0,0,389
390,8,3,2,True,2026-08-23T13:00:00Z,2,1,1,False,90,0,0,0,1,0,0,0,0,0,0,0,11,24.4,17.9,2.0,4.4,6,8,0,6,1,0.00,0.14,0.14,0.65,55,0,148709,0,0,390
391,8,3,9,True,2026-08-23T13:00:00Z,2,1,1,False,90,1,0,0,1,0,0,0,0,0,0,1,28,47.6,13.3,17.0,7.8,5,5,2,7,1,0.19,0.05,0.24,0.65,55,0,980214,0,0,391
392,8,3,0,True,2026-08-23T13:00:00Z,2,1,1,False,0,0,0,0,0,0,0,0,0,0,0,0,0,0.0,0.0,0.0,0.0,0,0,0,0,0,0.00,0.00,0.00,0.00,55,0,79425,0,0,392
393,8,3,2,True,2026-08-23T13:00:00Z,2,1,1,False,90,0,0,0,1,0,0,0,0,0,0,0,14,17.0,3.4,0.0,2.0,2,6,2,4,1,0.00,0.02,0.02,0.65,55,0,147622,0,0,393
395,8,3,1,True,2026-08-23T13:00:00Z,2,1,1,False,56,0,0,0,1,0,0,0,0,0,0,0,-1,3.8,3.8,39.0,4.7,2,0,0,2,1,0.17,0.02,0.19,0.55,45,0,18491,0,0,395
396,8,3,0,True,2026-08-23T13:00:00Z,2,1,1,False,0,0,0,0,0,0,0,0,0,0,0,0,0,0.0,0.0,0.0,0.0,0,0,0,0,0,0.00,0.00,0.00,0.00,45,0,1856,0,0,396
397,8,3,2,True,2026-08-23T13:00:00Z,2,1,1,False,90,0,0,0,1,0,0,0,0,0,0,0,16,5.8,8.9,31.0,4.6,0,4,1,5,1,0.06,0.02,0.08,0.65,85,0,2354040,0,0,397
398,8,3,1,True,2026-08-23T13:00:00Z,2,1,1,False,81,0,0,0,1,0,0,0,1,0,0,0,15,10.4,49.6,15.0,7.5,0,3,3,6,1,0.12,0.40,0.52,0.65,70,0,387178,0,0,398
399,8,3,8,True,2026-08-23T13:00:00Z,2,1,1,False,27,0,2,0,0,0,0,0,0,0,0,1,28,39.2,48.8,4.0,9.2,0,0,0,0,0,0.00,0.50,0.50,0.10,75,0,679336,0,0,399
400,8,3,0,True,2026-08-23T13:00:00Z,2,1,1,False,0,0,0,0,0,0,0,0,0,0,0,0,0,0.0,0.0,0.0,0.0,0,0,0,0,0,0.00,0.00,0.00,0.00,75,0,191182,0,0,400
401,8,3,0,True,2026-08-23T13:00:00Z,2,1,1,False,0,0,0,0,0,0,0,0,0,0,0,0,0,0.0,0.0,0.0,0.0,0,0,0,0,0,0.00,0.00,0.00,0.00,70,0,80421,0,0,401
405,8,3,0,True,2026-08-23T13:00:00Z,2,1,1,False,0,0,0,0,0,0,0,0,0,0,0,0,0,0.0,0.0,0.0,0.0,0,0,0,0,0,0.00,0.00,0.00,0.00,55,0,11878,0,0,405
406,8,3,1,True,2026-08-23T13:00:00Z,2,1,1,False,27,0,0,0,0,0,0,0,0,0,0,0,3,2.2,2.1,0.0,0.4,0,2,0,2,0,0.00,0.01,0.01,0.10,55,0,6303,0,0,406
407,8,3,0,True,2026-08-23T13:00:00Z,2,1,1,False,0,0,0,0,0,0,0,0,0,0,0,0,0,0.0,0.0,0.0,0.0,0,0,0,0,0,0.00,0.00,0.00,0.00,50,0,1572,0,0,407
409,8,3,0,True,2026-08-23T13:00:00Z,2,1,1,False,0,0,0,0,0,0,0,0,0,0,0,0,0,0.0,0.0,0.0,0.0,0,0,0,0,0,0.00,0.00,0.00,0.00,45,0,16621,0,0,409
410,8,3,0,True,2026-08-23T13:00:00Z,2,1,1,False,0,0,0,0,0,0,0,0,0,0,0,0,0,0.0,0.0,0.0,0.0,0,0,0,0,0,0.00,0.00,0.00,0.00,50,0,1505,0,0,410
411,8,3,2,True,2026-08-23T13:00:00Z,2,1,1,False,90,0,0,0,1,0,0,0,0,0,0,0,6,3.8,5.2,50.0,5.9,0,3,0,3,1,0.74,0.02,0.76,0.65,155,0,6209794,0,0,411
481,8,3,2,True,2026-08-23T13:00:00Z,2,1,1,False,62,0,0,0,1,0,0,0,0,0,0,0,14,7.2,20.8,0.0,2.8,1,3,2,6,1,0.00,0.25,0.25,0.55,65,0,707651,0,0,481
587,8,3,0,True,2026-08-23T13:00:00Z,2,1,1,False,0,0,0,0,0,0,0,0,0,0,0,0,0,0.0,0.0,0.0,0.0,0,0,0,0,0,0.00,0.00,0.00,0.00,50,0,1589,0,0,587
43,4,11,2,False,2026-08-22T11:30:00Z,2,0,1,False,66,0,0,0,2,0,0,0,0,0,0,0,13,5.0,11.3,4.0,2.0,0,5,0,5,1,0.04,0.11,0.15,0.94,60,0,224637,0,0,43
162,4,11,2,False,2026-08-22T11:30:00Z,2,0,1,False,66,0,0,0,2,0,0,0,0,0,0,0,17,11.4,4.2,2.0,1.8,3,5,1,9,1,0.00,0.23,0.23,0.94,50,0,93940,0,0,162
325,4,11,0,False,2026-08-22T11:30:00Z,2,0,1,False,0,0,0,0,0,0,0,0,0,0,0,0,0,0.0,0.0,0.0,0.0,0,0,0,0,0,0.00,0.00,0.00,0.00,45,0,3043,0,0,325
412,4,11,1,False,2026-08-22T11:30:00Z,2,0,1,False,90,0,0,0,2,0,0,0,0,0,2,0,7,20.2,0.0,0.0,2.0,2,8,0,0,1,0.00,0.00,0.00,1.01,50,0,1497029,0,0,412
414,4,11,0,False,2026-08-22T11:30:00Z,2,0,1,False,0,0,0,0,0,0,0,0,0,0,0,0,0,0.0,0.0,0.0,0.0,0,0,0,0,0,0.00,0.00,0.00,0.00,40,0,9078,0,0,414
415,4,11,0,False,2026-08-22T11:30:00Z,2,0,1,False,45,0,0,0,2,0,0,0,1,0,0,0,-11,0.0,1.2,16.0,0.7,1,0,0,1,1,0.47,0.03,0.50,0.92,60,0,121744,0,0,415
416,4,11,0,False,2026-08-22T11:30:00Z,2,0,1,False,0,0,0,0,0,0,0,0,0,0,0,0,0,0.0,0.0,0.0,0.0,0,0,0,0,0,0.00,0.00,0.00,0.00,50,0,2274,0,0,416
417,4,11,1,False,2026-08-22T11:30:00Z,2,0,1,False,10,0,0,0,0,0,0,0,0,0,0,0,6,7.6,11.3,0.0,1.9,1,1,2,3,0,0.00,0.00,0.00,0.00,50,0,246316,0,0,417
418,4,11,1,False,2026-08-22T11:30:00Z,2,0,1,False,90,0,0,0,2,0,0,0,0,0,0,0,15,25.4,28.6,19.0,7.3,4,5,0,4,1,0.04,0.40,0.44,1.01,50,0,1650905,0,0,418
419,4,11,0,False,2026-08-22T11:30:00Z,2,0,1,False,0,0,0,0,0,0,0,0,0,0,0,0,0,0.0,0.0,0.0,0.0,0,0,0,0,0,0.00,0.00,0.00,0.00,50,0,115360,0,0,419
420,4,11,0,False,2026-08-22T11:30:00Z,2,0,1,False,0,0,0,0,0,0,0,0,0,0,0,0,0,0.0,0.0,0.0,0.0,0,0,0,0,0,0.00,0.00,0.00,0.00,50,0,62047,0,0,420
421,4,11,1,False,2026-08-22T11:30:00Z,2,0,1,False,90,0,0,0,2,0,0,0,0,0,0,0,5,6.8,2.6,11.0,2.0,1,4,1,2,1,0.12,0.04,0.16,1.01,45,0,33647,0,0,421
422,4,11,1,False,2026-08-22T11:30:00Z,2,0,1,False,79,0,0,0,2,0,0,0,0,0,0,0,8,17.4,29.4,9.0,5.6,4,3,1,5,1,0.22,0.05,0.27,1.01,45,0,56217,0,0,422
423,4,11,1,False,2026-08-22T11:30:00Z,2,0,1,False,90,0,0,0,2,0,0,0,0,0,0,0,13,25.2,59.2,6.0,9.0,3,3,1,4,1,0.00,0.26,0.26,1.01,45,0,1947696,0,0,423
424,4,11,0,False,2026-08-22T11:30:00Z,2,0,1,False,0,0,0,0,0,0,0,0,0,0,0,0,0,0.0,0.0,0.0,0.0,0,0,0,0,0,0.00,0.00,0.00,0.00,40,0,18310,0,0,424
426,4,11,2,False,2026-08-22T11:30:00Z,2,0,1,False,90,0,0,0,2,0,0,0,0,0,0,0,18,20.2,55.4,17.0,9.3,1,5,0,6,1,0.08,0.26,0.34,1.01,120,0,4653303,0,0,426
427,4,11,2,False,2026-08-22T11:30:00Z,2,0,1,False,90,0,0,0,2,0,0,0,0,0,0,0,12,9.6,28.1,49.0,8.7,0,4,0,4,1,0.50,0.23,0.73,1.01,80,0,3492739,0,0,427
428,4,11,2,False,2026-08-22T11:30:00Z,2,0,1,False,79,0,0,0,2,0,0,0,0,0,0,0,14,5.4,28.2,35.0,6.9,0,3,0,3,1,0.24,0.21,0.45,1.01,80,0,901042,0,0,428
429,4,11,1,False,2026-08-22T11:30:00Z,2,0,1,False,45,0,0,0,0,0,0,0,0,0,0,0,9,11.6,48.6,4.0,6.4,0,1,0,1,0,0.00,0.10,0.10,0.09,70,0,134653,0,0,429
430,4,11,0,False,2026-08-22T11:30:00Z,2,0,1,False,0,0,0,0,0,0,0,0,0,0,0,0,0,0.0,0.0,0.0,0.0,0,0,0,0,0,0.00,0.00,0.00,0.00,55,0,3202,0,0,430
431,4,11,0,False,2026-08-22T11:30:00Z,2,0,1,False,0,0,0,0,0,0,0,0,0,0,0,0,0,0.0,0.0,0.0,0.0,0,0,0,0,0,0.00,0.00,0.00,0.00,60,0,145627,0,0,431
432,4,11,1,False,2026-08-22T11:30:00Z,2,0,1,False,23,0,0,0,0,0,0,0,0,0,0,0,7,2.8,2.5,2.0,0.7,0,1,0,1,0,0.07,0.01,0.08,0.07,55,0,89014,0,0,432
433,4,11,0,False,2026-08-22T11:30:00Z,2,0,1,False,0,0,0,0,0,0,0,0,0,0,0,0,0,0.0,0.0,0.0,0.0,0,0,0,0,0,0.00,0.00,0.00,0.00,50,0,333,0,0,433
434,4,11,0,False,2026-08-22T11:30:00Z,2,0,1,False,0,0,0,0,0,0,0,0,0,0,0,0,0,0.0,0.0,0.0,0.0,0,0,0,0,0,0.00,0.00,0.00,0.00,50,0,1008,0,0,434
435,4,11,1,False,2026-08-22T11:30:00Z,2,0,1,False,10,0,0,0,0,0,0,0,0,0,0,0,3,0.2,0.6,0.0,0.1,0,1,0,1,0,0.00,0.00,0.00,0.00,50,0,4147,0,0,435
436,4,11,0,False,2026-08-22T11:30:00Z,2,0,1,False,0,0,0,0,0,0,0,0,0,0,0,0,0,0.0,0.0,0.0,0.0,0,0,0,0,0,0.00,0.00,0.00,0.00,50,0,1568,0,0,436
437,4,11,0,False,2026-08-22T11:30:00Z,2,0,1,False,0,0,0,0,0,0,0,0,0,0,0,0,0,0.0,0.0,0.0,0.0,0,0,0,0,0,0.00,0.00,0.00,0.00,45,0,16079,0,0,437
438,4,11,0,False,2026-08-22T11:30:00Z,2,0,1,False,0,0,0,0,0,0,0,0,0,0,0,0,0,0.0,0.0,0.0,0.0,0,0,0,0,0,0.00,0.00,0.00,0.00,45,0,31336,0,0,438
439,4,11,1,False,2026-08-22T11:30:00Z,2,0,1,False,23,0,0,0,0,0,0,0,0,0,0,0,2,0.0,0.5,9.0,0.9,0,0,0,0,0,0.04,0.00,0.04,0.07,70,0,114788,0,0,439
440,4,11,0,False,2026-08-22T11:30:00Z,2,0,1,False,0,0,0,0,0,0,0,0,0,0,0,0,0,0.0,0.0,0.0,0.0,0,0,0,0,0,0.00,0.00,0.00,0.00,55,0,56060,0,0,440
441,4,11,0,False,2026-08-22T11:30:00Z,2,0,1,False,0,0,0,0,0,0,0,0,0,0,0,0,0,0.0,0.0,0.0,0.0,0,0,0,0,0,0.00,0.00,0.00,0.00,45,0,100521,0,0,441
442,9,14,0,True,2026-08-23T15:30:00Z,2,2,1,False,0,0,0,0,0,0,0,0,0,0,0,0,0,0.0,0.0,0.0,0.0,0,0,0,0,0,0.00,0.00,0.00,0.00,50,0,113822,0,0,442
443,9,14,0,True,2026-08-23T15:30:00Z,2,2,1,False,0,0,0,0,0,0,0,0,0,0,0,0,0,0.0,0.0,0.0,0.0,0,0,0,0,0,0.00,0.00,0.00,0.00,45,0,2989,0,0,443
444,9,14,0,True,2026-08-23T15:30:00Z,2,2,1,False,0,0,0,0,0,0,0,0,0,0,0,0,0,0.0,0.0,0.0,0.0,0,0,0,0,0,0.00,0.00,0.00,0.00,45,0,2666,0,0,444
445,9,14,3,True,2026-08-23T15:30:00Z,2,2,1,False,90,0,0,0,2,0,0,0,0,0,0,0,0,37.8,0.2,0.0,3.8,15,2,0,15,1,0.00,0.00,0.00,2.98,50,0,146838,0,0,445
446,9,14,1,True,2026-08-23T15:30:00Z,2,2,1,False,1,0,0,0,1,0,0,0,0,0,0,0,-1,0.0,0.0,0.0,0.0,0,0,0,0,0,0.00,0.00,0.00,0.79,50,0,20496,0,0,446
447,9,14,3,True,2026-08-23T15:30:00Z,2,2,1,False,90,0,0,0,2,0,0,0,0,0,0,0,4,32.4,0.3,0.0,3.3,10,2,0,10,1,0.00,0.01,0.01,2.98,50,0,34765,0,0,447
448,9,14,0,True,2026-08-23T15:30:00Z,2,2,1,False,0,0,0,0,0,0,0,0,0,0,0,0,0,0.0,0.0,0.0,0.0,0,0,0,0,0,0.00,0.00,0.00,0.00,50,0,213973,0,0,448
449,9,14,3,True,2026-08-23T15:30:00Z,2,2,1,False,90,0,0,0,2,0,0,0,0,0,0,0,8,22.0,15.2,0.0,3.7,6,8,5,11,1,0.00,0.35,0.35,2.98,50,0,310247,0,0,449
450,9,14,0,True,2026-08-23T15:30:00Z,2,2,1,False,0,0,0,0,0,0,0,0,0,0,0,0,0,0.0,0.0,0.0,0.0,0,0,0,0,0,0.00,0.00,0.00,0.00,50,0,4326,0,0,450
453,9,14,2,True,2026-08-23T15:30:00Z,2,2,1,False,90,0,0,0,2,0,0,0,0,0,0,0,12,5.2,2.4,9.0,1.7,3,4,1,8,1,0.07,0.02,0.09,2.98,60,0,95531,0,0,453
454,9,14,9,True,2026-08-23T15:30:00Z,2,2,1,False,75,1,0,0,1,0,0,0,0,0,0,2,31,37.4,3.5,28.0,6.9,1,1,0,2,1,0.22,0.01,0.23,1.94,60,0,64591,0,0,454
456,9,14,0,True,2026-08-23T15:30:00Z,2,2,1,False,34,0,0,0,1,0,0,0,1,0,0,0,1,7.8,1.3,4.0,1.3,3,1,2,6,0,0.06,0.01,0.07,1.50,50,0,34032,0,0,456
457,9,14,0,True,2026-08-23T15:30:00Z,2,2,1,False,14,0,0,0,1,0,0,0,1,0,0,0,-1,0.0,0.1,2.0,0.1,1,1,0,2,0,0.00,0.00,0.00,1.04,60,0,14816,0,0,457
458,9,14,0,True,2026-08-23T15:30:00Z,2,2,1,False,0,0,0,0,0,0,0,0,0,0,0,0,0,0.0,0.0,0.0,0.0,0,0,0,0,0,0.00,0.00,0.00,0.00,55,0,3620,0,0,458
459,9,14,3,True,2026-08-23T15:30:00Z,2,2,1,False,75,0,0,0,1,0,0,0,1,0,0,0,13,15.6,21.4,3.0,4.0,6,6,1,13,1,0.05,0.01,0.06,1.94,55,0,4093,0,0,459
460,9,14,6,True,2026-08-23T15:30:00Z,2,2,1,False,34,1,0,0,1,0,0,0,0,0,0,0,28,38.4,13.9,9.0,6.1,0,1,2,3,0,0.09,0.17,0.26,1.50,50,0,10181,0,0,460
461,9,14,0,True,2026-08-23T15:30:00Z,2,2,1,False,0,0,0,0,0,0,0,0,0,0,0,0,0,0.0,0.0,0.0,0.0,0,0,0,0,0,0.00,0.00,0.00,0.00,60,0,22780,0,0,461
462,9,14,1,True,2026-08-23T15:30:00Z,2,2,1,False,55,0,0,0,1,0,0,0,0,0,0,0,3,0.4,1.2,0.0,0.2,0,2,0,2,1,0.00,0.00,0.00,1.48,50,0,9830,0,0,462
463,9,14,0,True,2026-08-23T15:30:00Z,2,2,1,False,0,0,0,0,0,0,0,0,0,0,0,0,0,0.0,0.0,0.0,0.0,0,0,0,0,0,0.00,0.00,0.00,0.00,60,0,151424,0,0,463
464,9,14,4,True,2026-08-23T15:30:00Z,2,2,1,False,90,0,1,0,1,0,0,0,1,0,0,0,7,20.0,16.3,28.0,6.4,1,3,4,8,1,1.00,0.02,1.02,2.19,60,0,142989,0,0,464
465,9,14,4,True,2026-08-23T15:30:00Z,2,2,1,False,55,0,1,0,1,0,0,0,0,0,0,0,18,28.2,13.7,8.0,5.0,2,2,1,5,1,0.06,0.14,0.20,1.48,60,0,83021,0,0,465
466,9,14,0,True,2026-08-23T15:30:00Z,2,2,1,False,0,0,0,0,0,0,0,0,0,0,0,0,0,0.0,0.0,0.0,0.0,0,0,0,0,0,0.00,0.00,0.00,0.00,45,0,66588,0,0,466
559,9,14,1,True,2026-08-23T15:30:00Z,2,2,1,False,14,0,0,0,1,0,0,0,0,0,0,0,5,4.0,0.0,0.0,0.4,1,0,1,2,0,0.00,0.00,0.00,1.04,50,0,12608,0,0,559
567,9,14,1,True,2026-08-23T15:30:00Z,2,2,1,False,90,0,0,0,2,0,0,0,1,0,5,0,12,41.2,0.0,0.0,4.1,3,5,0,0,1,0.00,0.00,0.00,2.98,50,0,55382,0,0,567
593,9,14,1,True,2026-08-23T15:30:00Z,2,2,1,False,90,0,0,0,2,0,0,0,0,0,0,0,-1,16.4,1.2,5.0,2.3,7,2,2,9,1,0.03,0.00,0.03,2.98,45,0,20712,0,0,593
609,9,14,0,True,2026-08-23T15:30:00Z,2,2,1,False,0,0,0,0,0,0,0,0,0,0,0,0,0,0.0,0.0,0.0,0.0,0,0,0,0,0,0.00,0.00,0.00,0.00,40,0,0,0,0,609
467,6,13,2,True,2026-08-22T14:00:00Z,0,1,1,False,90,0,0,0,1,0,0,0,0,0,2,0,11,14.2,0.0,0.0,1.4,0,9,0,0,1,0.00,0.00,0.00,0.47,50,0,140711,0,0,467
468,6,13,0,True,2026-08-22T14:00:00Z,0,1,1,False,0,0,0,0,0,0,0,0,0,0,0,0,0,0.0,0.0,0.0,0.0,0,0,0,0,0,0.00,0.00,0.00,0.00,45,0,5970,0,0,468
469,6,13,2,True,2026-08-22T14:00:00Z,0,1,1,False,90,0,0,0,1,0,0,0,0,0,0,0,13,15.2,5.8,6.0,2.7,3,10,3,6,1,0.00,0.02,0.02,0.47,50,0,924685,0,0,469
470,6,13,0,True,2026-08-22T14:00:00Z,0,1,1,False,0,0,0,0,0,0,0,0,0,0,0,0,0,0.0,0.0,0.0,0.0,0,0,0,0,0,0.00,0.00,0.00,0.00,50,0,4345,0,0,470
471,6,13,2,True,2026-08-22T14:00:00Z,0,1,1,False,90,0,0,0,1,0,0,0,0,0,0,0,4,7.6,0.6,14.0,2.2,7,6,0,7,1,0.11,0.02,0.13,0.47,55,0,173511,0,0,471
472,6,13,4,True,2026-08-22T14:00:00Z,0,1,1,False,90,0,0,0,1,0,0,0,0,0,0,0,15,32.2,25.9,0.0,5.8,12,3,2,14,1,0.00,0.28,0.28,0.47,55,0,134909,0,0,472
473,6,13,5,True,2026-08-22T14:00:00Z,0,1,1,False,73,0,0,1,0,0,0,0,1,0,0,0,24,16.0,35.6,11.0,6.3,2,4,0,2,1,0.04,0.17,0.21,0.34,45,0,328883,0,0,473
474,6,13,1,True,2026-08-22T14:00:00Z,0,1,1,False,90,0,0,0,1,0,0,0,1,0,0,0,5,20.8,1.3,0.0,2.2,7,0,1,8,1,0.00,0.00,0.00,0.47,45,0,19663,0,0,474
475,6,13,0,True,2026-08-22T14:00:00Z,0,1,1,False,0,0,0,0,0,0,0,0,0,0,0,0,0,0.0,0.0,0.0,0.0,0,0,0,0,0,0.00,0.00,0.00,0.00,45,0,209,0,0,475
476,6,13,0,True,2026-08-22T14:00:00Z,0,1,1,False,0,0,0,0,0,0,0,0,0,0,0,0,0,0.0,0.0,0.0,0.0,0,0,0,0,0,0.00,0.00,0.00,0.00,40,0,23191,0,0,476
477,6,13,0,True,2026-08-22T14:00:00Z,0,1,1,False,0,0,0,0,0,0,0,0,0,0,0,0,0,0.0,0.0,0.0,0.0,0,0,0,0,0,0.00,0.00,0.00,0.00,40,0,23851,0,0,477
478,6,13,1,True,2026-08-22T14:00:00Z,0,1,1,False,16,0,0,0,1,0,0,0,0,0,0,0,-2,0.0,0.9,0.0,0.1,0,1,0,0,0,0.00,0.00,0.00,0.13,45,0,2322,0,0,478
479,6,13,0,True,2026-08-22T14:00:00Z,0,1,1,False,0,0,0,0,0,0,0,0,0,0,0,0,0,0.0,0.0,0.0,0.0,0,0,0,0,0,0.00,0.00,0.00,0.00,40,0,18342,0,0,479
480,6,13,2,True,2026-08-22T14:00:00Z,0,1,1,False,90,0,0,0,1,0,0,0,0,0,0,0,10,0.0,9.3,16.0,2.4,1,2,0,3,1,0.13,0.06,0.19,0.47,80,0,1039647,0,0,480
482,6,13,0,True,2026-08-22T14:00:00Z,0,1,1,False,0,0,0,0,0,0,0,0,0,0,0,0,0,0.0,0.0,0.0,0.0,0,0,0,0,0,0.00,0.00,0.00,0.00,60,0,23579,0,0,482
483,6,13,3,True,2026-08-22T14:00:00Z,0,1,1,False,61,0,0,1,0,0,0,0,0,0,0,0,5,1.4,2.5,0.0,0.4,1,1,1,3,1,0.00,0.00,0.00,0.25,55,0,39539,0,0,483
484,6,13,0,True,2026-08-22T14:00:00Z,0,1,1,False,0,0,0,0,0,0,0,0,0,0,0,0,0,0.0,0.0,0.0,0.0,0,0,0,0,0,0.00,0.00,0.00,0.00,55,0,15797,0,0,484
485,6,13,0,True,2026-08-22T14:00:00Z,0,1,1,False,0,0,0,0,0,0,0,0,0,0,0,0,0,0.0,0.0,0.0,0.0,0,0,0,0,0,0.00,0.00,0.00,0.00,55,0,1373,0,0,485
486,6,13,3,True,2026-08-22T14:00:00Z,0,1,1,False,73,0,0,1,0,0,0,0,0,0,0,0,18,11.6,42.5,0.0,5.4,2,5,1,8,1,0.00,0.16,0.16,0.34,55,0,3147,0,0,486
487,6,13,0,True,2026-08-22T14:00:00Z,0,1,1,False,0,0,0,0,0,0,0,0,0,0,0,0,0,0.0,0.0,0.0,0.0,0,0,0,0,0,0.00,0.00,0.00,0.00,50,0,7576,0,0,487
488,6,13,2,True,2026-08-22T14:00:00Z,0,1,1,False,90,0,0,0,1,0,0,0,0,0,0,0,10,17.8,13.0,3.0,3.4,3,3,0,6,1,0.03,0.01,0.04,0.47,50,0,100536,0,0,488
489,6,13,0,True,2026-08-22T14:00:00Z,0,1,1,False,0,0,0,0,0,0,0,0,0,0,0,0,0,0.0,0.0,0.0,0.0,0,0,0,0,0,0.00,0.00,0.00,0.00,45,0,177323,0,0,489
490,6,13,1,True,2026-08-22T14:00:00Z,0,1,1,False,28,0,0,0,1,0,0,0,0,0,0,0,3,0.0,2.4,3.0,0.4,0,1,0,1,0,0.12,0.01,0.13,0.22,60,0,159951,0,0,490
491,6,13,2,True,2026-08-22T14:00:00Z,0,1,1,False,90,0,0,0,1,0,0,0,0,0,0,0,8,5.2,6.8,31.0,4.3,2,1,0,3,1,0.22,0.02,0.24,0.47,60,0,389784,0,0,491
493,6,13,1,True,2026-08-22T14:00:00Z,0,1,1,False,1,0,0,0,0,0,0,0,0,0,0,0,3,0.0,0.0,0.0,0.0,0,0,0,0,0,0.00,0.00,0.00,0.00,55,0,4138,0,0,493
558,6,13,1,True,2026-08-22T14:00:00Z,0,1,1,False,16,0,0,0,1,0,0,0,0,0,0,0,3,0.6,1.0,2.0,0.4,0,1,0,1,0,0.00,0.00,0.00,0.13,50,0,10065,0,0,558
581,6,13,0,True,2026-08-22T14:00:00Z,0,1,1,False,0,0,0,0,0,0,0,0,0,0,0,0,0,0.0,0.0,0.0,0.0,0,0,0,0,0,0.00,0.00,0.00,0.00,55,0,67092,0,0,581
590,6,13,0,True,2026-08-22T14:00:00Z,0,1,1,False,0,0,0,0,0,0,0,0,0,0,0,0,0,0.0,0.0,0.0,0.0,0,0,0,0,0,0.00,0.00,0.00,0.00,45,0,5245,0,0,590
112,2,4,1,False,2026-08-22T16:30:00Z,3,0,1,False,90,0,0,0,3,0,0,0,0,0,0,0,3,28.2,2.8,2.0,3.3,7,3,2,9,1,0.00,0.03,0.03,3.87,50,0,955905,0,0,112
403,8,3,0,True,2026-08-23T13:00:00Z,2,1,1,False,0,0,0,0,0,0,0,0,0,0,0,0,0,0.0,0.0,0.0,0.0,0,0,0,0,0,0.00,0.00,0.00,0.00,65,0,23783,0,0,403
455,2,4,2,False,2026-08-22T16:30:00Z,3,0,1,False,90,0,0,0,3,0,0,0,0,0,0,0,14,6.2,6.4,8.0,2.1,0,3,1,4,1,0.04,0.06,0.10,3.87,55,0,376914,0,0,455
495,2,4,0,False,2026-08-22T16:30:00Z,3,0,1,False,0,0,0,0,0,0,0,0,0,0,0,0,0,0.0,0.0,0.0,0.0,0,0,0,0,0,0.00,0.00,0.00,0.00,40,0,78400,0,0,495
496,2,4,2,False,2026-08-22T16:30:00Z,3,0,1,False,90,0,0,0,3,0,0,0,0,0,5,0,15,43.6,0.0,0.0,4.4,4,12,0,0,1,0.00,0.00,0.00,3.87,45,0,2208330,0,0,496
497,2,4,0,False,2026-08-22T16:30:00Z,3,0,1,False,0,0,0,0,0,0,0,0,0,0,0,0,0,0.0,0.0,0.0,0.0,0,0,0,0,0,0.00,0.00,0.00,0.00,40,0,1778139,0,0,497
498,2,4,3,False,2026-08-22T16:30:00Z,3,0,1,False,90,0,0,0,3,0,0,0,0,0,0,0,10,36.6,2.2,0.0,3.9,11,2,5,16,1,0.00,0.02,0.02,3.87,60,0,724252,0,0,498
499,2,4,0,False,2026-08-22T16:30:00Z,3,0,1,False,0,0,0,0,0,0,0,0,0,0,0,0,0,0.0,0.0,0.0,0.0,0,0,0,0,0,0.00,0.00,0.00,0.00,55,0,1595087,0,0,499
501,2,4,0,False,2026-08-22T16:30:00Z,3,0,1,False,0,0,0,0,0,0,0,0,0,0,0,0,0,0.0,0.0,0.0,0.0,0,0,0,0,0,0.00,0.00,0.00,0.00,50,0,15516,0,0,501
502,2,4,3,False,2026-08-22T16:30:00Z,3,0,1,False,90,0,0,0,3,0,0,0,0,0,0,0,13,31.8,19.2,2.0,5.3,9,3,2,11,1,0.00,0.06,0.06,3.87,45,0,350993,0,0,502
503,2,4,0,False,2026-08-22T16:30:00Z,3,0,1,False,0,0,0,0,0,0,0,0,0,0,0,0,0,0.0,0.0,0.0,0.0,0,0,0,0,0,0.00,0.00,0.00,0.00,50,0,522301,0,0,503
506,2,4,1,False,2026-08-22T16:30:00Z,3,0,1,False,4,0,0,0,0,0,0,0,0,0,0,0,3,0.0,0.7,0.0,0.0,0,2,0,0,0,0.00,0.02,0.02,0.44,45,0,43741,0,0,506
508,2,4,0,False,2026-08-22T16:30:00Z,3,0,1,False,0,0,0,0,0,0,0,0,0,0,0,0,0,0.0,0.0,0.0,0.0,0,0,0,0,0,0.00,0.00,0.00,0.00,40,0,99420,0,0,508
509,2,4,0,False,2026-08-22T16:30:00Z,3,0,1,False,0,0,0,0,0,0,0,0,0,0,0,0,0,0.0,0.0,0.0,0.0,0,0,0,0,0,0.00,0.00,0.00,0.00,40,0,4794,0,0,509
510,2,4,0,False,2026-08-22T16:30:00Z,3,0,1,False,0,0,0,0,0,0,0,0,0,0,0,0,0,0.0,0.0,0.0,0.0,0,0,0,0,0,0.00,0.00,0.00,0.00,40,0,7021,0,0,510
511,2,4,0,False,2026-08-22T16:30:00Z,3,0,1,False,0,0,0,0,0,0,0,0,0,0,0,0,0,0.0,0.0,0.0,0.0,0,0,0,0,0,0.00,0.00,0.00,0.00,40,0,27254,0,0,511
512,2,4,0,False,2026-08-22T16:30:00Z,3,0,1,False,0,0,0,0,0,0,0,0,0,0,0,0,0,0.0,0.0,0.0,0.0,0,0,0,0,0,0.00,0.00,0.00,0.00,65,0,8272,0,0,512
513,2,4,0,False,2026-08-22T16:30:00Z,3,0,1,False,0,0,0,0,0,0,0,0,0,0,0,0,0,0.0,0.0,0.0,0.0,0,0,0,0,0,0.00,0.00,0.00,0.00,60,0,1345,0,0,513
514,2,4,2,False,2026-08-22T16:30:00Z,3,0,1,False,90,0,0,0,3,0,0,0,0,0,0,0,17,10.4,26.0,9.0,4.5,1,7,0,8,1,0.06,0.06,0.12,3.87,60,0,50995,0,0,514
515,2,4,1,False,2026-08-22T16:30:00Z,3,0,1,False,22,0,0,0,0,0,0,0,0,0,0,0,6,4.4,8.3,8.0,2.1,1,1,0,2,0,0.00,0.01,0.01,0.85,65,0,119410,0,0,515
516,2,4,1,False,2026-08-22T16:30:00Z,3,0,1,False,45,0,0,0,1,0,0,0,0,0,0,0,8,2.0,14.7,0.0,1.7,0,2,3,5,0,0.00,0.01,0.01,2.18,55,0,17403,0,0,516
517,2,4,0,False,2026-08-22T16:30:00Z,3,0,1,False,0,0,0,0,0,0,0,0,0,0,0,0,0,0.0,0.0,0.0,0.0,0,0,0,0,0,0.00,0.00,0.00,0.00,55,0,100,0,0,517
518,2,4,0,False,2026-08-22T16:30:00Z,3,0,1,False,0,0,0,0,0,0,0,0,0,0,0,0,0,0.0,0.0,0.0,0.0,0,0,0,0,0,0.00,0.00,0.00,0.00,50,0,25576,0,0,518
519,2,4,0,False,2026-08-22T16:30:00Z,3,0,1,False,45,0,0,0,2,0,0,0,1,0,0,0,1,0.0,5.5,1.0,0.5,0,2,1,3,1,0.02,0.06,0.08,1.70,55,0,26860,0,0,519
520,2,4,1,False,2026-08-22T16:30:00Z,3,0,1,False,45,0,0,0,2,0,0,0,0,0,0,0,2,0.0,2.0,2.0,0.0,0,7,1,8,1,0.00,0.01,0.01,1.70,55,0,18443,0,0,520
521,2,4,0,False,2026-08-22T16:30:00Z,3,0,1,False,0,0,0,0,0,0,0,0,0,0,0,0,0,0.0,0.0,0.0,0.0,0,0,0,0,0,0.00,0.00,0.00,0.00,65,0,949,0,0,521
522,2,4,2,False,2026-08-22T16:30:00Z,3,0,1,False,85,0,0,0,3,0,0,0,0,0,0,0,15,6.2,3.3,0.0,1.0,2,2,1,5,1,0.00,0.01,0.01,3.43,50,0,19767,0,0,522
523,2,4,2,False,2026-08-22T16:30:00Z,3,0,1,False,67,0,0,0,3,0,0,0,0,0,0,0,10,14.2,5.9,55.0,7.5,0,1,1,2,1,0.38,0.02,0.40,3.02,50,0,17505,0,0,523
524,2,4,0,False,2026-08-22T16:30:00Z,3,0,1,False,0,0,0,0,0,0,0,0,0,0,0,0,0,0.0,0.0,0.0,0.0,0,0,0,0,0,0.00,0.00,0.00,0.00,45,0,79913,0,0,524
525,2,4,1,False,2026-08-22T16:30:00Z,3,0,1,False,45,0,0,0,1,0,0,0,0,0,0,0,16,7.2,27.2,2.0,3.6,0,1,1,2,0,0.00,0.06,0.06,2.18,60,0,178624,0,0,525
526,2,4,1,False,2026-08-22T16:30:00Z,3,0,1,False,22,0,0,0,0,0,0,0,0,0,0,0,3,0.0,0.0,5.0,0.5,0,0,0,0,0,0.07,0.00,0.07,0.85,60,0,126667,0,0,526
527,2,4,2,False,2026-08-22T16:30:00Z,3,0,1,False,67,0,0,0,3,0,0,0,0,0,0,0,6,0.0,2.2,0.0,0.2,1,0,0,1,1,0.00,0.00,0.00,3.02,60,0,283639,0,0,527
528,2,4,0,False,2026-08-22T16:30:00Z,3,0,1,False,0,0,0,0,0,0,0,0,0,0,0,0,0,0.0,0.0,0.0,0.0,0,0,0,0,0,0.00,0.00,0.00,0.00,45,0,149807,0,0,528
601,2,4,0,False,2026-08-22T16:30:00Z,3,0,1,False,0,0,0,0,0,0,0,0,0,0,0,0,0,0.0,0.0,0.0,0.0,0,0,0,0,0,0.00,0.00,0.00,0.00,45,0,0,0,0,601
529,5,12,1,False,2026-08-22T14:00:00Z,2,1,1,False,90,0,0,0,2,0,0,0,0,0,1,0,7,15.2,0.0,0.0,1.5,1,8,0,0,1,0.00,0.00,0.00,1.80,50,0,397315,0,0,529
531,5,12,0,False,2026-08-22T14:00:00Z,2,1,1,False,0,0,0,0,0,0,0,0,0,0,0,0,0,0.0,0.0,0.0,0.0,0,0,0,0,0,0.00,0.00,0.00,0.00,45,0,8630,0,0,531
532,5,12,0,False,2026-08-22T14:00:00Z,2,1,1,False,90,0,0,0,2,0,0,0,1,0,0,0,4,18.2,1.2,0.0,1.9,7,0,2,9,1,0.00,0.01,0.01,1.80,50,0,518741,0,0,532
533,5,12,0,False,2026-08-22T14:00:00Z,2,1,1,False,0,0,0,0,0,0,0,0,0,0,0,0,0,0.0,0.0,0.0,0.0,0,0,0,0,0,0.00,0.00,0.00,0.00,55,0,257772,0,0,533
534,5,12,2,False,2026-08-22T14:00:00Z,2,1,1,False,79,0,0,0,1,0,0,0,0,0,0,0,14,9.4,39.4,13.0,6.2,1,6,3,4,1,0.04,0.27,0.31,1.69,45,0,641436,0,0,534
535,5,12,1,False,2026-08-22T14:00:00Z,2,1,1,False,23,0,0,0,1,0,0,0,0,0,0,0,2,0.0,0.6,0.0,0.0,0,2,0,0,0,0.00,0.01,0.01,0.10,50,0,41929,0,0,535
536,5,12,1,False,2026-08-22T14:00:00Z,2,1,1,False,90,0,0,0,2,0,0,0,0,0,0,0,9,23.0,27.5,4.0,5.5,5,5,3,8,1,0.00,0.29,0.29,1.80,45,0,43515,0,0,536
537,5,12,0,False,2026-08-22T14:00:00Z,2,1,1,False,0,0,0,0,0,0,0,0,0,0,0,0,0,0.0,0.0,0.0,0.0,0,0,0,0,0,0.00,0.00,0.00,0.00,45,0,941,0,0,537
539,5,12,1,False,2026-08-22T14:00:00Z,2,1,1,False,66,0,0,0,1,0,0,0,1,0,0,0,1,11.4,1.4,4.0,1.7,4,4,1,5,1,0.01,0.01,0.02,1.69,40,0,332959,0,0,539
541,5,12,1,False,2026-08-22T14:00:00Z,2,1,1,False,90,0,0,0,2,0,0,0,0,0,0,0,5,13.8,5.3,11.0,3.0,2,3,2,4,1,0.08,0.08,0.16,1.80,45,0,26928,0,0,541
542,5,12,2,False,2026-08-22T14:00:00Z,2,1,1,False,79,0,0,0,1,0,0,0,0,0,0,0,13,4.6,9.9,0.0,1.5,0,1,1,2,1,0.00,0.03,0.03,1.69,60,0,942702,0,0,542
543,5,12,1,False,2026-08-22T14:00:00Z,2,1,1,False,10,0,0,0,1,0,0,0,0,0,0,0,3,0.4,0.6,2.0,0.3,0,0,0,0,0,0.03,0.00,0.03,0.10,55,0,6286,0,0,543
544,5,12,9,False,2026-08-22T14:00:00Z,2,1,1,False,90,0,1,0,2,0,0,0,0,0,0,2,31,18.8,31.4,0.0,5.0,2,8,3,13,1,0.00,0.09,0.09,1.80,55,0,392611,0,0,544
545,5,12,2,False,2026-08-22T14:00:00Z,2,1,1,False,90,0,0,0,2,0,0,0,0,0,0,0,18,14.6,32.1,25.0,7.2,0,2,0,2,1,0.06,0.03,0.09,1.80,50,0,32634,0,0,545
546,5,12,0,False,2026-08-22T14:00:00Z,2,1,1,False,0,0,0,0,0,0,0,0,0,0,0,0,0,0.0,0.0,0.0,0.0,0,0,0,0,0,0.00,0.00,0.00,0.00,50,0,9551,0,0,546
547,5,12,0,False,2026-08-22T14:00:00Z,2,1,1,False,0,0,0,0,0,0,0,0,0,0,0,0,0,0.0,0.0,0.0,0.0,0,0,0,0,0,0.00,0.00,0.00,0.00,50,0,801,0,0,547
548,5,12,1,False,2026-08-22T14:00:00Z,2,1,1,False,10,0,0,0,1,0,0,0,0,0,0,0,3,0.0,0.3,0.0,0.0,0,1,0,1,0,0.00,0.00,0.00,0.10,50,0,6214,0,0,548
549,5,12,1,False,2026-08-22T14:00:00Z,2,1,1,False,31,0,0,0,1,0,0,0,0,0,0,0,1,0.0,0.9,0.0,0.0,0,2,0,2,0,0.00,0.00,0.00,0.14,55,0,20822,0,0,549
550,5,12,0,False,2026-08-22T14:00:00Z,2,1,1,False,0,0,0,0,0,0,0,0,0,0,0,0,0,0.0,0.0,0.0,0.0,0,0,0,0,0,0.00,0.00,0.00,0.00,50,0,501,0,0,550
551,5,12,5,False,2026-08-22T14:00:00Z,2,1,1,False,58,1,0,0,1,0,0,0,1,0,0,0,23,32.8,3.3,16.0,5.2,1,5,1,7,1,0.15,0.01,0.16,1.66,50,0,5260,0,0,551
552,5,12,2,False,2026-08-22T14:00:00Z,2,1,1,False,66,0,0,0,1,0,0,0,0,0,0,0,1,0.0,1.5,9.0,1.1,0,0,0,0,1,0.30,0.00,0.30,1.69,60,0,1279847,0,0,552
553,5,12,1,False,2026-08-22T14:00:00Z,2,1,1,False,23,0,0,0,1,0,0,0,0,0,0,0,3,0.0,0.2,0.0,0.0,0,0,0,0,0,0.00,0.00,0.00,0.10,55,0,90196,0,0,553
