Rank,Club,Country,Level,Elo,From,To
1.0,Arsenal,ENG,1,2063.75805664,2026-05-31,2026-08-21
2.0,Bayern,GER,1,2000.8704834,2026-05-21,2026-08-28
3.0,Man City,ENG,1,1970.85388184,2026-05-31,2026-08-23
4.0,Paris SG,FRA,1,1967.87866211,2026-05-31,2026-08-23
5.0,Barcelona,ESP,1,1951.58850098,2026-05-28,2026-08-23
6.0,Real Madrid,ESP,1,1922.91186523,2026-05-28,2026-08-22
7.0,Aston Villa,ENG,1,1920.97033691,2026-05-31,2026-08-23
8.0,Man United,ENG,1,1915.31591797,2026-05-31,2026-08-22
9.0,Liverpool,ENG,1,1910.79882812,2026-05-31,2026-08-23
10.0,Inter,ITA,1,1888.60217285,2026-05-24,2026-08-22
11.0,Bournemouth,ENG,1,1871.9699707,2026-05-31,2026-08-23
12.0,Sporting,POR,1,1847.9276123,2026-08-09,2026-08-14
13.0,Brighton,ENG,1,1842.01062012,2026-05-31,2026-08-23
14.0,Newcastle,ENG,1,1837.53125,2026-05-31,2026-08-23
15.0,Brentford,ENG,1,1836.59033203,2026-05-31,2026-08-22
16.0,Dortmund,GER,1,1834.76879883,2026-05-25,2026-08-29
17.0,Chelsea,ENG,1,1831.1036377,2026-05-31,2026-08-24
18.0,Atletico,ESP,1,1827.6751709,2026-05-28,2026-08-19
19.0,Benfica,POR,0,1823.50891113,2026-08-07,2026-08-30
20.0,Forest,ENG,1,1822.16992188,2026-05-31,2026-08-22
21.0,Fulham,ENG,1,1813.09570312,2026-05-31,2026-08-24
22.0,Porto,POR,1,1805.94592285,2026-08-10,2026-08-30
23.0,Leverkusen,GER,1,1804.02624512,2026-05-31,2026-08-29
24.0,Crystal Palace,ENG,1,1803.82470703,2026-05-31,2026-08-22
25.0,Everton,ENG,1,1803.43066406,2026-05-31,2026-08-22
26.0,Leeds,ENG,1,1797.3885498,2026-05-31,2026-08-22
27.0,Roma,ITA,1,1793.45068359,2026-05-25,2026-08-24
28.0,Napoli,ITA,1,1780.29577637,2026-05-25,2026-08-22
29.0,Tottenham,ENG,1,1777.30908203,2026-05-31,2026-08-22
30.0,Juventus,ITA,1,1772.25598145,2026-05-25,2026-08-23
31.0,West Ham,ENG,2,1768.80187988,2026-07-04,2026-08-16
32.0,Lens,FRA,1,1767.04321289,2026-05-31,2026-08-22
33.0,Stuttgart,GER,1,1763.83435059,2026-05-25,2026-08-28
34.0,Atalanta,ITA,1,1763.51831055,2026-05-23,2026-08-23
35.0,RB Leipzig,GER,1,1761.90356445,2026-05-21,2026-08-29
36.0,Como,ITA,1,1760.02868652,2026-05-28,2026-08-22
37.0,Villarreal,ESP,1,1759.34472656,2026-05-28,2026-08-16
38.0,PSV,NED,1,1759.13476562,2026-08-09,2026-08-15
39.0,Brugge,BEL,1,1757.43847656,2026-08-08,2026-08-15
40.0,Milan,ITA,1,1750.04187012,2026-05-25,2026-08-23
41.0,Betis,ESP,1,1747.13098145,2026-05-28,2026-08-21
42.0,Lille,FRA,1,1743.70898438,2026-05-31,2026-08-23
43.0,Sunderland,ENG,1,1735.93017578,2026-05-31,2026-08-22
44.0,Lyon,FRA,1,1731.61791992,2026-08-12,2026-08-22
45.0,Freiburg,GER,1,1724.91345215,2026-05-21,2026-08-30
46.0,Monaco,FRA,1,1717.51831055,2026-05-31,2026-08-23
47.0,St Gillis,BEL,1,1716.76196289,2026-08-12,2026-08-15
48.0,Marseille,FRA,1,1716.74267578,2026-05-31,2026-08-21
49.0,Rennes,FRA,1,1716.11877441,2026-05-31,2026-08-23
50.0,Strasbourg,FRA,1,1710.80419922,2026-05-31,2026-08-21
51.0,Bodoe Glimt,NOR,1,1708.89233398,2026-08-12,2026-08-30
52.0,Rayo Vallecano,ESP,1,1707.33996582,2026-05-28,2026-08-15
53.0,Lazio,ITA,1,1703.16955566,2026-05-24,2026-08-24
54.0,Bologna,ITA,1,1701.27783203,2026-05-28,2026-08-24
55.0,Celta,ESP,1,1700.77661133,2026-05-28,2026-08-16
56.0,Hoffenheim,GER,1,1700.35388184,2026-05-24,2026-08-29
57.0,Braga,POR,1,1698.91113281,2026-08-10,2026-08-13
58.0,Valencia,ESP,1,1697.41491699,2026-05-28,2026-08-22
59.0,Midtjylland,DEN,1,1687.3840332,2026-08-07,2026-08-13
60.0,Galatasaray,TUR,1,1684.27087402,2026-05-24,2026-08-30
61.0,Wolves,ENG,2,1679.69335938,2026-07-04,2026-08-14
62.0,Bilbao,ESP,1,1677.90063477,2026-05-28,2026-08-22
63.0,Mainz,GER,1,1671.92541504,2026-05-21,2026-08-29
64.0,Fiorentina,ITA,1,1670.17321777,2026-05-28,2026-08-24
65.0,Sociedad,ESP,1,1669.46508789,2026-05-28,2026-08-21
66.0,Burnley,ENG,2,1666.33679199,2026-07-04,2026-08-16
67.0,Getafe,ESP,1,1664.07470703,2026-05-28,2026-08-15
68.0,Frankfurt,GER,1,1663.77990723,2026-05-24,2026-08-29
69.0,Olympiakos,GRE,0,1663.37609863,2026-08-12,2026-08-30
70.0,Coventry,ENG,1,1661.4777832,2026-07-04,2026-08-21
71.0,Zenit,RUS,1,1657.19775391,2026-05-24,2026-08-30
72.0,Fenerbahce,TUR,1,1655.55847168,2026-08-12,2026-08-15
73.0,Slavia Praha,CZE,1,1654.11645508,2026-08-10,2026-08-30
74.0,Toulouse,FRA,1,1652.31567383,2026-05-31,2026-08-22
75.0,Osasuna,ESP,1,1650.25793457,2026-05-28,2026-08-16
76.0,Udinese,ITA,1,1645.94152832,2026-05-25,2026-08-22
77.0,Gladbach,GER,1,1640.84326172,2026-07-05,2026-08-29
78.0,AEK,GRE,1,1640.65869141,2026-07-05,2026-08-22
79.0,Ipswich,ENG,1,1639.99816895,2026-07-05,2026-08-22
80.0,Lorient,FRA,1,1639.05737305,2026-07-05,2026-08-22
81.0,Levante,ESP,1,1638.7401123,2026-07-05,2026-08-16
82.0,Augsburg,GER,1,1636.44641113,2026-07-05,2026-08-30
83.0,Southampton,ENG,2,1636.34643555,2026-07-05,2026-08-16
84.0,Alaves,ESP,1,1634.98168945,2026-07-05,2026-08-15
85.0,FC Krasnodar,RUS,1,1632.22900391,2026-07-05,2026-08-30
86.0,Viking,NOR,1,1631.9107666,2026-08-09,2026-08-30
87.0,Espanyol,ESP,1,1629.45581055,2026-07-05,2026-08-16
88.0,Paris FC,FRA,1,1629.32727051,2026-07-05,2026-08-22
89.0,Sevilla,ESP,1,1625.92333984,2026-07-05,2026-08-15
90.0,Auxerre,FRA,1,1624.1114502,2026-07-05,2026-08-22
91.0,Torino,ITA,1,1624.05871582,2026-07-05,2026-08-23
92.0,Elche,ESP,1,1623.40344238,2026-07-05,2026-08-17
93.0,Sassuolo,ITA,1,1622.01708984,2026-07-05,2026-08-23
94.0,Brest,FRA,1,1620.84436035,2026-07-05,2026-08-22
95.0,Union Berlin,GER,1,1619.43066406,2026-07-05,2026-08-29
96.0,Genoa,ITA,1,1618.22705078,2026-07-05,2026-08-22
97.0,Werder,GER,1,1606.01928711,2026-07-05,2026-08-30
98.0,PAOK,GRE,1,1605.5760498,2026-08-07,2026-08-23
99.0,Millwall,ENG,2,1604.41833496,2026-07-05,2026-08-15
100.0,Feyenoord,NED,1,1602.56091309,2026-08-10,2026-08-30
,Hamburg,GER,1,1602.14746094,2026-05-21,2026-08-29
,Parma,ITA,1,1599.93139648,2026-05-25,2026-08-22
,Wolfsburg,GER,2,1599.56994629,2026-08-09,2026-08-30
,Venezia,ITA,2,1598.84887695,2026-05-09,2026-08-23
,Cagliari,ITA,1,1594.30480957,2026-05-25,2026-08-22
,Famalicao,POR,1,1590.96606445,2026-08-08,2026-08-30
,Middlesbrough,ENG,2,1588.94506836,2026-05-31,2026-08-15
,Crvena Zvezda,SRB,1,1586.15527344,2026-08-12,2026-08-30
,Aarhus,DEN,1,1582.55212402,2026-08-12,2026-08-14
,Nice,FRA,1,1582.37231445,2026-05-31,2026-08-22
,Santander,ESP,1,1581.93212891,2026-07-04,2026-08-16
,Genk,BEL,1,1581.32556152,2026-08-10,2026-08-15
,Le Havre,FRA,1,1580.06872559,2026-05-31,2026-08-23
,FC Kobenhavn,DEN,1,1578.41003418,2026-08-13,2026-08-16
,Ajax,NED,1,1578.02783203,2026-08-10,2026-08-13
,Dinamo Zagreb,CRO,1,1577.11853027,2026-08-12,2026-08-30
,Celtic,SCO,1,1575.15283203,2026-08-10,2026-08-30
,Malaga,ESP,1,1568.62780762,2026-07-04,2026-08-19
,Koeln,GER,1,1568.16870117,2026-05-21,2026-08-29
,Lecce,ITA,1,1568.02050781,2026-05-25,2026-08-23
,Twente,NED,1,1567.7479248,2026-08-10,2026-08-30
,Frosinone,ITA,2,1564.72619629,2026-05-09,2026-08-23
,Paphos,CYP,0,1561.03271484,2026-08-07,2026-08-13
,Norwich,ENG,2,1560.36108398,2026-05-31,2026-08-15
,Viktoria Plzen,CZE,1,1556.39892578,2026-08-09,2026-08-30
,Almeria,ESP,2,1556.2635498,2026-06-21,2026-08-17
,Lok Moskva,RUS,1,1555.28356934,2026-03-16,2026-08-30
,CSKA Moskva,RUS,1,1554.62353516,2026-03-15,2026-08-30
,St Truiden,BEL,1,1554.60754395,2026-08-09,2026-08-14
,Karabakh Agdam,AZE,0,1554.37609863,2026-08-07,2026-08-13
,Heidenheim,GER,2,1552.56982422,2026-08-09,2026-08-30
,Spartak Moskva,RUS,1,1550.99316406,2026-03-15,2026-08-30
,Sparta Praha,CZE,1,1547.84729004,2026-08-12,2026-08-30
,Angers,FRA,1,1547.54577637,2026-05-31,2026-08-23
,Panathinaikos,GRE,1,1546.63842773,2026-08-12,2026-08-23
,Sheffield United,ENG,2,1546.58056641,2026-05-31,2026-08-15
,Castellon,ESP,2,1546.32897949,2026-06-10,2026-08-14
,Depor,ESP,1,1546.31347656,2026-07-04,2026-08-17
,Nantes,FRA,2,1544.4296875,2026-08-09,2026-08-30
,Monza,ITA,2,1543.99084473,2026-05-30,2026-08-22
,Reims,FRA,2,1541.97412109,2026-08-09,2026-08-30
,Nordsjaelland,DEN,1,1541.78027344,2026-08-07,2026-08-13
,Derby,ENG,2,1539.21325684,2026-05-31,2026-08-15
,Alkmaar,NED,1,1539.2130127,2026-08-09,2026-08-15
,Dynamo Moskva,RUS,1,1538.52539062,2026-03-15,2026-08-30
,Swansea,ENG,2,1536.28552246,2026-05-31,2026-08-15
,St Pauli,GER,2,1532.94165039,2026-08-10,2026-08-30
,Hull,ENG,1,1532.88037109,2026-07-04,2026-08-22
,Nijmegen,NED,1,1531.59875488,2026-08-12,2026-08-30
,Cremonese,ITA,1,1531.55664062,2026-05-25,2026-08-30
,Brondby,DEN,1,1529.92541504,2026-08-10,2026-08-30
,Brann,NOR,1,1528.16918945,2026-08-12,2026-08-30
,Hannover,GER,2,1527.87036133,2026-08-10,2026-08-30
,Wrexham,ENG,2,1527.45922852,2026-05-31,2026-08-17
,Trabzonspor,TUR,1,1526.23779297,2026-05-18,2026-08-15
,Paderborn,GER,1,1525.36743164,2026-07-04,2026-08-29
,Anderlecht,BEL,1,1523.74475098,2026-08-10,2026-08-30
,Elversberg,GER,1,1523.3984375,2026-07-04,2026-08-29
,Troyes,FRA,1,1521.14294434,2026-07-04,2026-08-22
,Lech,POL,1,1520.91870117,2026-08-10,2026-08-30
,Bueyueksehir,TUR,1,1520.46105957,2026-07-31,2026-08-16
,Utrecht,NED,1,1520.30163574,2026-08-10,2026-08-15
,Ferencvaros,HUN,1,1520.0501709,2026-08-06,2026-08-13
,Schalke,GER,1,1519.74230957,2026-07-04,2026-08-30
,Rangers,SCO,1,1517.05700684,2026-08-10,2026-08-30
,Besiktas,TUR,1,1516.34155273,2026-08-07,2026-08-13
,Mjaellby,SWE,1,1515.64575195,2026-08-12,2026-08-15
,Guimaraes,POR,1,1515.55200195,2026-08-09,2026-08-14
,Palermo,ITA,2,1514.03552246,2026-05-21,2026-08-30
,Rakow,POL,1,1513.4987793,2026-08-10,2026-08-13
,Viborg,DEN,1,1512.19714355,2026-08-08,2026-08-14
,Gil Vicente,POR,1,1507.8458252,2026-08-10,2026-08-30
,Saint-Etienne,FRA,2,1507.84033203,2026-08-09,2026-08-30
,Bristol City,ENG,2,1507.68249512,2026-05-31,2026-08-15
,Hammarby,SWE,1,1507.66381836,2026-08-10,2026-08-13
,Birmingham,ENG,2,1507.06591797,2026-05-31,2026-08-15
,Charleroi,BEL,1,1504.9967041,2026-08-10,2026-08-30
,West Brom,ENG,2,1504.70568848,2026-05-31,2026-08-15
,Verona,ITA,1,1502.55664062,2026-05-25,2026-08-30
,Standard,BEL,1,1502.06091309,2026-08-09,2026-08-30
,Arouca,POR,1,1500.69494629,2026-08-09,2026-08-30
,Gijon,ESP,2,1499.9888916,2026-05-31,2026-08-17
,Portsmouth,ENG,2,1499.31555176,2026-05-31,2026-08-15
,Gent,BEL,1,1497.22460938,2026-08-10,2026-08-30
,Tromso,NOR,1,1496.79077148,2026-08-07,2026-08-30
,Rodez,FRA,2,1494.44543457,2026-08-09,2026-08-30
,Larnaca,CYP,0,1494.35534668,2026-07-31,2026-08-30
,Estoril,POR,1,1493.88000488,2026-08-08,2026-08-30
,Blackburn,ENG,2,1493.27905273,2026-05-31,2026-08-14
,Le Mans,FRA,1,1492.42114258,2026-07-04,2026-08-22
,Metz,FRA,2,1489.80981445,2026-08-09,2026-08-30
,Bochum,GER,2,1486.64123535,2026-08-08,2026-08-14
,Baltika,RUS,1,1484.52722168,2026-03-15,2026-08-30
,Santa Clara,POR,1,1482.95849609,2026-08-11,2026-08-30
,Salzburg,AUT,1,1482.40710449,2026-08-10,2026-08-13
,QPR,ENG,2,1480.5098877,2026-05-31,2026-08-15
,Antwerp,BEL,1,1480.3248291,2026-08-10,2026-08-15
,Moreirense,POR,1,1478.99902344,2026-08-10,2026-08-30
,Preston,ENG,2,1478.86474609,2026-05-31,2026-08-15
,Mechelen,BEL,1,1478.85229492,2026-08-10,2026-08-30
,Montpellier,FRA,2,1477.11669922,2026-08-09,2026-08-30
,Westerlo,BEL,1,1475.3503418,2026-08-09,2026-08-15
,Apollon Lemesos,CYP,0,1474.15783691,2026-08-12,2026-08-30
,Hearts,SCO,1,1473.26843262,2026-08-10,2026-08-30
,Djurgarden,SWE,1,1472.00256348,2026-08-11,2026-08-30
,Sturm Graz,AUT,1,1471.63842773,2026-08-12,2026-08-30
,StGallen,SUI,1,1469.69934082,2026-08-10,2026-08-30
,Bolton,ENG,2,1468.6348877,2026-07-03,2026-08-15
,Cardiff,ENG,2,1468.6348877,2026-07-03,2026-08-17
,Heerenveen,NED,1,1468.30761719,2026-08-10,2026-08-30
,Molde,NOR,1,1467.12402344,2026-08-10,2026-08-30
,Jagiellonia,POL,1,1466.60534668,2026-08-10,2026-08-30
,Beer-Sheva,ISR,1,1466.13769531,2026-08-12,2026-08-30
,Annecy,FRA,2,1465.85778809,2026-08-09,2026-08-30
,SonderjyskE,DEN,1,1465.48205566,2026-08-08,2026-08-30
,Darmstadt,GER,2,1463.35742188,2026-08-09,2026-08-30
,Thun,SUI,1,1463.22155762,2026-08-10,2026-08-13
,Holstein,GER,2,1462.63525391,2026-08-09,2026-08-30
,Samsunspor,TUR,1,1461.5769043,2026-05-17,2026-08-17
,Hertha,GER,2,1461.53930664,2026-08-08,2026-08-30
,Nuernberg,GER,2,1458.71105957,2026-08-10,2026-08-15
,Craiova,ROM,1,1458.68530273,2026-08-07,2026-08-13
,Catanzaro,ITA,2,1458.62231445,2026-05-30,2026-08-30
,Watford,ENG,2,1458.16186523,2026-05-31,2026-08-16
,Omonia,CYP,0,1456.90466309,2026-08-07,2026-08-13
,Lautern,GER,2,1456.03515625,2026-08-09,2026-08-15
,Pisa,ITA,1,1455.70275879,2026-05-24,2026-08-30
,Celje,SVN,1,1455.52685547,2026-08-12,2026-08-30
,Gyoer,HUN,1,1454.81433105,2026-08-07,2026-08-30
,Charlton,ENG,2,1452.98547363,2026-05-31,2026-08-15
,Stoke,ENG,2,1452.73168945,2026-05-31,2026-08-15
,LASK,AUT,1,1452.54577637,2026-08-10,2026-08-30
,Gornik,POL,1,1452.04504395,2026-08-09,2026-08-13
,Rio Ave,POR,1,1451.29162598,2026-08-10,2026-08-30
,Nacional,POR,1,1451.03417969,2026-08-11,2026-08-30
,Goeztepe,TUR,1,1450.39257812,2026-05-17,2026-08-17
,Lugano,SUI,1,1450.05969238,2026-08-10,2026-08-30
,Rubin Kazan,RUS,1,1449.72570801,2026-03-16,2026-08-30
,Cercle Brugge,BEL,1,1445.62524414,2026-08-09,2026-08-14
,Hradec Kralove,CZE,1,1445.51159668,2026-08-10,2026-08-13
,Silkeborg,DEN,1,1445.33215332,2026-08-11,2026-08-16
,Jablonec,CZE,1,1445.09509277,2026-08-10,2026-08-13
,Malmoe,SWE,1,1444.68383789,2026-08-10,2026-08-30
,Alverca,POR,1,1443.62695312,2026-08-10,2026-08-30
,Levski,BUL,1,1441.24841309,2026-08-12,2026-08-30
,Red Star,FRA,2,1441.04553223,2026-08-09,2026-08-30
,Go Ahead Eagles,NED,1,1440.83374023,2026-08-09,2026-08-30
,Legia,POL,1,1440.72375488,2026-08-09,2026-08-30
,Magdeburg,GER,2,1439.74865723,2026-08-09,2026-08-30
,Groningen,NED,1,1438.96704102,2026-08-10,2026-08-30
,M Tel Aviv,ISR,1,1438.46240234,2026-08-07,2026-08-13
,CFR Cluj,ROM,1,1437.53088379,2026-08-11,2026-08-30
,Basel,SUI,1,1436.53771973,2026-08-10,2026-08-30
,Karlsruhe,GER,2,1435.78112793,2026-08-09,2026-08-15
,Sion,SUI,1,1433.71728516,2026-08-10,2026-08-30
,Universitatea Cluj,ROM,1,1433.61633301,2026-08-11,2026-08-30
,Randers,DEN,1,1432.4888916,2026-08-10,2026-08-16
,Razgrad,BUL,1,1431.40698242,2026-08-10,2026-08-30
,Slovan Liberec,CZE,1,1431.40246582,2026-08-08,2026-08-30
,Young Boys,SUI,1,1431.35925293,2026-08-09,2026-08-30
,Odense,DEN,1,1430.63183594,2026-08-11,2026-08-16
,Zulte Waregem,BEL,1,1430.47900391,2026-08-10,2026-08-15
,Modena,ITA,2,1429.02416992,2026-05-13,2026-08-30
,Sociedad B,ESP,2,1428.48071289,2026-05-31,2026-08-14
,Casa Pia,POR,1,1427.91748047,2026-08-09,2026-08-30
,IK Sirius,SWE,1,1427.83227539,2026-08-11,2026-08-15
,Rosenborg,NOR,1,1427.67419434,2026-08-10,2026-08-30
,Hajduk,CRO,1,1426.87268066,2026-08-10,2026-08-13
,Steaua,ROM,1,1426.69921875,2026-08-11,2026-08-30
,Katowice,POL,1,1426.26806641,2026-08-13,2026-08-30
,Juve Stabia,ITA,2,1425.40307617,2026-05-20,2026-08-30
,Pogon,POL,1,1424.82568359,2026-08-09,2026-08-30
,Rostov,RUS,1,1424.74609375,2026-03-15,2026-08-30
,Sandefjord,NOR,1,1423.67431641,2026-08-08,2026-08-30
,Dunkerque,FRA,2,1423.47241211,2026-08-09,2026-08-30
,Empoli,ITA,2,1422.83190918,2026-05-09,2026-08-30
,Leuven,BEL,1,1422.09472656,2026-08-10,2026-08-15
,Servette,SUI,1,1417.44885254,2026-08-09,2026-08-30
,Beitar,ISR,1,1414.83398438,2026-08-07,2026-08-30
,Dresden,GER,2,1414.36071777,2026-08-10,2026-08-30
,Piast Gliwice,POL,1,1413.75854492,2026-08-10,2026-08-30
,Fredrikstad,NOR,1,1412.80065918,2026-08-09,2026-08-30
,Sparta Rotterdam,NED,1,1411.77038574,2026-08-10,2026-08-30
,Terek Grozny,RUS,1,1406.51818848,2026-03-16,2026-08-30
,Levadeiakos,GRE,1,1405.93115234,2026-05-18,2026-08-23
,Grenoble,FRA,2,1405.7088623,2026-08-09,2026-08-30
,Bielefeld,GER,2,1404.89758301,2026-08-09,2026-08-30
,Sarpsborg,NOR,1,1403.36450195,2026-08-09,2026-08-30
,Estrela Amadora,POR,1,1403.1652832,2026-08-09,2026-08-30
,Radomiak,POL,1,1402.66906738,2026-08-09,2026-08-30
,Rizespor,TUR,1,1402.17822266,2026-05-16,2026-08-15
,Mantova,ITA,2,1399.96459961,2026-05-09,2026-08-30
,Maritimo,POR,1,1399.68579102,2026-08-09,2026-08-30
,Austria Wien,AUT,1,1398.9432373,2026-08-10,2026-08-30
,Hibernian,SCO,1,1398.91027832,2026-08-10,2026-08-13
,Alanyaspor,TUR,1,1398.89453125,2026-05-17,2026-08-15
,Konyaspor,TUR,1,1398.39013672,2026-05-18,2026-08-15
,Lubin,POL,1,1397.54772949,2026-08-10,2026-08-30
,Luzern,SUI,1,1397.09777832,2026-08-10,2026-08-30
,Ham-Kam,NOR,1,1395.86999512,2026-08-10,2026-08-30
,Eldense,ESP,2,1395.08703613,2026-07-03,2026-08-17
,Sabadell,ESP,2,1395.08703613,2026-07-03,2026-08-17
,Guingamp,FRA,2,1394.87768555,2026-08-09,2026-08-30
,Fuerth,GER,2,1394.82678223,2026-08-10,2026-08-15
,Telstar,NED,1,1394.69750977,2026-08-09,2026-08-30
,Cracovia,POL,1,1394.18823242,2026-08-10,2026-08-30
,Sampdoria,ITA,2,1390.78149414,2026-05-09,2026-08-30
,Clermont,FRA,2,1390.66430664,2026-08-09,2026-08-30
,Korona,POL,1,1390.38623047,2026-08-09,2026-08-30
,Motherwell,SCO,1,1389.7043457,2026-08-10,2026-08-13
,Zwolle,NED,1,1389.3717041,2026-08-10,2026-08-30
,Elfsborg,SWE,1,1388.13391113,2026-08-09,2026-08-14
,Rijeka,CRO,1,1387.49780273,2026-08-07,2026-08-13
,GAIS,SWE,1,1387.08850098,2026-08-10,2026-08-30
,Carrarese,ITA,2,1385.89758301,2026-05-09,2026-08-30
,Spezia,ITA,2,1384.77941895,2026-05-09,2026-08-30
,Laval,FRA,2,1384.28735352,2026-08-09,2026-08-30
,Haecken,SWE,1,1383.41943359,2026-08-10,2026-08-30
,Sittard,NED,1,1383.10021973,2026-08-09,2026-08-30
,Kasimpasa,TUR,1,1383.04516602,2026-05-18,2026-08-15
,Avellino,ITA,2,1381.59423828,2026-05-09,2026-08-30
,Rapid Wien,AUT,1,1381.19360352,2026-08-10,2026-08-30
,Mlada Boleslav,CZE,1,1381.1496582,2026-08-09,2026-08-30
,AIK,SWE,1,1381.11547852,2026-08-09,2026-08-30
,Braunschweig,GER,2,1381.0489502,2026-08-09,2026-08-14
,Motor Lublin,POL,1,1379.69775391,2026-08-09,2026-08-30
,Valerenga,NOR,1,1377.26916504,2026-08-09,2026-08-30
,Excelsior,NED,1,1377.12597656,2026-08-08,2026-08-15
,Plock,POL,1,1375.22241211,2026-08-08,2026-08-30
,Lausanne,SUI,1,1374.96130371,2026-08-09,2026-08-30
,Pau,FRA,2,1374.34631348,2026-08-09,2026-08-30
,Suedtirol,ITA,2,1372.29504395,2026-05-23,2026-08-30
,Sigma Olomouc,CZE,1,1371.94616699,2026-08-03,2026-08-30
,Widzew,POL,1,1371.26391602,2026-08-10,2026-08-30
,Hartberg,AUT,1,1370.59326172,2026-08-09,2026-08-30
,Eyupspor,TUR,1,1370.07287598,2026-05-18,2026-08-16
,Goeteborg,SWE,1,1368.79516602,2026-08-10,2026-08-30
,RAAL,BEL,1,1368.54003906,2026-08-10,2026-08-30
,Rapid Bucuresti,ROM,1,1368.52368164,2026-08-08,2026-08-30
,Dinamo Bucuresti,ROM,1,1368.21972656,2026-08-09,2026-08-30
,Paksi,HUN,1,1367.53356934,2026-08-04,2026-08-30
,Slovan Bratislava,SLK,0,1366.51843262,2026-08-12,2026-08-30
,Bari,ITA,2,1366.16149902,2026-05-23,2026-08-30
,Kryliya Sovetov,RUS,1,1366.14489746,2026-03-16,2026-08-30
,Cesena,ITA,2,1365.54797363,2026-05-09,2026-08-30
,Padova,ITA,2,1365.39855957,2026-05-09,2026-08-30
,Koper,SVN,1,1364.5402832,2026-08-10,2026-08-30
,Puskas Akademia,HUN,1,1363.62231445,2026-08-08,2026-08-30
,KFUM Oslo,NOR,1,1363.44885254,2026-08-08,2026-08-30
,Lillestrom,NOR,1,1363.40368652,2026-08-10,2026-08-30
,Dijon,FRA,2,1361.63781738,2026-08-09,2026-08-30
,Sochaux,FRA,2,1361.63781738,2026-08-09,2026-08-30
,Akron Togliatti,RUS,1,1360.69018555,2026-03-16,2026-08-30
,Nancy,FRA,2,1359.40527344,2026-08-09,2026-08-30
,Entella,ITA,2,1358.0847168,2026-05-09,2026-08-30
,Varazdin,CRO,1,1357.82275391,2026-08-10,2026-08-30
,Boulogne,FRA,2,1357.81335449,2026-08-09,2026-08-30
,CSKA Sofia,BUL,1,1355.23095703,2026-08-10,2026-08-13
,Gaziantep FK,TUR,1,1354.34472656,2026-05-17,2026-08-15
,Debrecen,HUN,1,1353.97338867,2026-08-13,2026-08-30
,Lok Zagreb,CRO,1,1353.19470215,2026-08-09,2026-08-30
,Kristiansund,NOR,1,1353.01513672,2026-08-10,2026-08-30
,Pescara,ITA,2,1351.91564941,2026-05-09,2026-08-30
,FK Astana,KAZ,0,1351.59240723,2026-07-17,2026-08-30
,Beveren,BEL,1,1350.29199219,2026-08-10,2026-08-30
,Lommel,BEL,1,1350.29199219,2026-08-09,2026-08-30
,Kortrijk,BEL,1,1350.29199219,2026-08-08,2026-08-15
,Genclerbirligi,TUR,1,1349.63000488,2026-05-18,2026-08-15
,Maccabi Haifa,ISR,1,1347.22485352,2026-05-24,2026-08-30
,Lyngby,DEN,1,1347.06616211,2026-08-10,2026-08-16
,Horsens,DEN,1,1347.06616211,2026-08-10,2026-08-16
,Pardubice,CZE,1,1346.96411133,2026-08-10,2026-08-30
,Banik Ostrava,CZE,1,1346.5625,2026-08-10,2026-08-30
,Bohemians Praha,CZE,1,1344.51196289,2026-08-09,2026-08-13
,Orenburg,RUS,1,1343.03881836,2026-03-14,2026-08-30
,Kocaelispor,TUR,1,1342.98779297,2026-05-18,2026-08-16
,Cottbus,GER,2,1342.63476562,2026-08-10,2026-08-30
,Osnabrueck,GER,2,1342.63476562,2026-08-09,2026-08-30
,Partizan,SRB,1,1342.41906738,2026-08-07,2026-08-13
,Dunajska,SLK,0,1342.41223145,2026-08-07,2026-08-30
,Dynamo Makhachkala,RUS,1,1339.20922852,2026-03-14,2026-08-30
,Slask,POL,1,1338.51904297,2026-08-10,2026-08-30
,Wisla,POL,1,1338.51904297,2026-08-08,2026-08-30
,Nizhny Novgorod,RUS,1,1337.8013916,2026-03-16,2026-08-30
,Sheriff Tiraspol,MOL,0,1337.35595703,2026-08-07,2026-08-30
,Zalaegerszegi,HUN,1,1335.47644043,2026-08-04,2026-08-30
,Maribor,SVN,1,1334.22265625,2026-08-10,2026-08-30
,Reggiana,ITA,2,1334.04577637,2026-05-09,2026-08-30
,Trnava,SLK,0,1333.72814941,2026-07-29,2026-08-30
,Kayseri,TUR,1,1333.65490723,2026-05-18,2026-08-30
,Wolfsberg,AUT,1,1333.65039062,2026-08-10,2026-08-30
,Zilina,SLK,0,1333.45056152,2026-07-31,2026-08-30
,H Tel Aviv,ISR,1,1333.1138916,2026-08-13,2026-08-30
,Osijek,CRO,1,1330.08520508,2026-08-09,2026-08-30
,Antalyaspor,TUR,1,1328.7175293,2026-05-18,2026-08-30
,Teplice,CZE,1,1328.13928223,2026-08-09,2026-08-30
,Fatih Karaguemruek,TUR,1,1325.40710449,2026-05-17,2026-08-30
,Zira,AZE,0,1319.08618164,2026-07-31,2026-08-30
,Olimpija Ljubljana,SVN,1,1317.77832031,2026-08-09,2026-08-30
,Willem II,NED,1,1317.28894043,2026-08-09,2026-08-30
,Cambuur,NED,1,1317.28894043,2026-08-08,2026-08-30
,Den Haag,NED,1,1317.28894043,2026-08-09,2026-08-30
,Asteras Tripolis,GRE,1,1313.69946289,2026-05-22,2026-08-23
,Shamrock,IRL,0,1313.01416016,2026-08-05,2026-08-30
,CSKA 1948 Sofia,BUL,1,1312.79211426,2026-08-12,2026-08-30
,Neftchi,AZE,0,1312.18469238,2026-07-31,2026-08-30
,Sabah,AZE,0,1311.19018555,2026-08-12,2026-08-30
,Zuerich,SUI,1,1307.39782715,2026-08-10,2026-08-30
,UTA Arad,ROM,1,1305.11425781,2026-08-08,2026-08-30
,Ried,AUT,1,1301.83740234,2026-08-10,2026-08-30
,HNK Gorica,CRO,1,1300.91833496,2026-08-09,2026-08-30
,Altach,AUT,1,1298.19030762,2026-08-08,2026-08-30
,Sochi,RUS,1,1297.66748047,2026-03-15,2026-08-30
,Kilmarnock,SCO,1,1297.11804199,2026-08-10,2026-08-30
,Kuopio,FIN,0,1296.51391602,2026-08-07,2026-08-13
,Otelul Galati,ROM,1,1296.07861328,2026-08-10,2026-08-30
,Bravo,SVN,1,1294.92614746,2026-08-03,2026-08-30
,Start,NOR,1,1294.83154297,2026-08-09,2026-08-30
,Kairat,KAZ,0,1294.38867188,2026-08-12,2026-08-30
,Noah,ARM,0,1294.14257812,2026-08-07,2026-08-30
,Viitorul,ROM,1,1293.85339355,2026-08-09,2026-08-30
,Panetolikos,GRE,1,1292.25964355,2026-05-22,2026-08-23
,Wattens,AUT,1,1292.03271484,2026-08-08,2026-08-30
,Ujpest,HUN,1,1291.93554688,2026-08-09,2026-08-30
,Aalesund,NOR,1,1291.39440918,2026-08-10,2026-08-30
,Istra 1961,CRO,1,1291.16674805,2026-08-10,2026-08-30
,Tescoma Zlin,CZE,1,1290.13598633,2026-08-09,2026-08-30
,Grasshoppers,SUI,1,1289.90795898,2026-08-09,2026-08-30
,Kifisias,GRE,1,1289.77783203,2026-05-22,2026-08-23
,Novi Sad,SRB,1,1288.29541016,2026-08-10,2026-08-30
,Brommapojkarna,SWE,1,1286.93847656,2026-08-11,2026-08-30
,Dundee United,SCO,1,1286.71264648,2026-08-10,2026-08-30
,Pyunik,ARM,0,1286.7109375,2026-07-31,2026-08-30
,Nyiregyhaza,HUN,1,1285.8458252,2026-08-10,2026-08-30
,Vikingur,ISL,0,1285.12316895,2026-08-07,2026-08-13
,Slovacko,CZE,1,1284.80163574,2026-08-10,2026-08-30
,FK Riga,LAT,0,1283.32739258,2026-08-07,2026-08-30
,MTK,HUN,1,1283.06323242,2026-08-08,2026-08-30
,Zrinjski Mostar,BHZ,0,1283.0456543,2026-07-31,2026-08-30
,Slaven Belupo,CRO,1,1282.4810791,2026-08-10,2026-08-30
,Vaduz,LIE,0,1280.60302734,2026-08-10,2026-08-30
,GAK,AUT,1,1279.81030273,2026-08-09,2026-08-30
,Cherno More,BUL,1,1279.59606934,2026-08-10,2026-08-30
,St Patricks,IRL,0,1278.34521484,2026-01-01,2026-08-30
,Botosani,ROM,1,1277.43029785,2026-08-11,2026-08-30
,Tobol,KAZ,0,1273.34179688,2026-08-07,2026-08-13
,Halmstad,SWE,1,1272.30554199,2026-08-10,2026-08-30
,Degerfors,SWE,1,1271.91064453,2026-08-10,2026-08-30
,Netanya,ISR,1,1271.08203125,2026-05-19,2026-08-30
,Falkirk,SCO,1,1270.04724121,2026-08-10,2026-08-30
,Aarau,SUI,1,1267.46691895,2026-05-19,2026-08-30
,Csikszereda,ROM,1,1267.13671875,2026-08-09,2026-08-15
,Petrolul Ploiesti,ROM,1,1266.38818359,2026-08-10,2026-08-14
,Dundee,SCO,1,1266.15893555,2026-08-09,2026-08-30
,Vaesteras,SWE,1,1264.99951172,2026-08-11,2026-08-14
,Arda,BUL,1,1262.61486816,2026-08-09,2026-08-30
,Kisvarda,HUN,1,1261.0670166,2026-08-09,2026-08-30
,Aberdeen,SCO,1,1258.1998291,2026-08-09,2026-08-30
,Oergryte,SWE,1,1257.30456543,2026-08-09,2026-08-30
,HJK Helsinki,FIN,0,1246.64978027,2026-08-07,2026-08-13
,Ararat,ARM,0,1246.33862305,2026-08-12,2026-08-30
,Kalmar,SWE,1,1246.30627441,2026-08-10,2026-08-30
,Honved,HUN,1,1246.13330078,2026-08-02,2026-08-30
,Vasas SC,HUN,1,1246.13330078,2026-08-03,2026-08-30
,Lustenau,AUT,1,1243.68859863,2026-08-09,2026-08-30
,St Mirren,SCO,1,1243.31494141,2026-08-09,2026-08-30
,Drita,KOS,0,1242.50073242,2026-08-07,2026-08-30
,Shakhtar,UKR,1,1241.81884766,2026-08-10,2026-08-30
,Polissya Zhytomyr,UKR,1,1241.81884766,2026-08-11,2026-08-30
,LNZ,UKR,1,1241.81884766,2026-08-11,2026-08-30
,Karpaty,UKR,1,1241.81884766,2026-08-11,2026-08-30
,Kryvbas,UKR,1,1241.81884766,2026-08-10,2026-08-30
,Kolos,UKR,1,1241.81884766,2026-08-09,2026-08-30
,Zorya,UKR,1,1241.81884766,2026-08-10,2026-08-30
,Veres,UKR,1,1241.81884766,2026-08-10,2026-08-30
,Obolon Kyiv,UKR,1,1241.81884766,2026-08-03,2026-08-30
,Episentr,UKR,1,1241.81884766,2026-08-10,2026-08-30
,Kudrivka,UKR,1,1241.81884766,2026-08-04,2026-08-30
,Chernomorets,UKR,1,1241.81884766,2026-08-09,2026-08-30
,FC Kharkiv,UKR,1,1241.81884766,2026-08-11,2026-08-30
,Dynamo Kyiv,UKR,1,1241.81884766,2026-08-10,2026-08-13
,Shelbourne,IRL,0,1240.87084961,2026-08-07,2026-08-13
,Zeleznicar Pancevo,SRB,1,1240.4041748,2026-08-10,2026-08-30
,Iraklis,GRE,1,1239.41564941,2026-07-03,2026-08-22
,Derry City,IRL,0,1233.97900391,2026-07-31,2026-08-30
,Botev Plovdiv,BUL,1,1233.97180176,2026-08-11,2026-08-30
,Winterthur,SUI,1,1232.13244629,2026-05-17,2026-08-30
,Hapoel Jerusalem,ISR,1,1230.98950195,2026-05-19,2026-08-30
,Hapoel Haifa,ISR,1,1230.64831543,2026-05-19,2026-08-30
,Stjarnan,ISL,0,1230.38879395,2026-07-31,2026-08-30
,Bnei Sakhinin,ISR,1,1229.75500488,2026-05-19,2026-08-30
,H Petach Tikva,ISR,1,1228.65100098,2026-05-24,2026-08-30
,Velez Mostar,BHZ,0,1227.04248047,2026-07-31,2026-08-30
,Shkendija,MAC,0,1226.55493164,2026-08-07,2026-08-13
,Sepsi,ROM,1,1223.70605469,2026-08-11,2026-08-15
,Voluntari,ROM,1,1223.70605469,2026-08-09,2026-08-14
,Corvinul Hunedoara,ROM,1,1223.70605469,2026-08-11,2026-08-30
,RFS,LAT,0,1221.79467773,2026-08-07,2026-08-13
,St Johnstone,SCO,1,1213.45178223,2026-08-09,2026-08-30
,Ironi Tiberias,ISR,1,1212.53637695,2026-05-19,2026-08-30
,Valur,ISL,0,1211.37255859,2026-08-07,2026-08-13
,FK Sarajevo,BHZ,0,1211.23156738,2026-07-17,2026-08-30
,Borac Banja Luka,BHZ,0,1210.83227539,2026-07-31,2026-08-30
,Lok Plovdiv,BUL,1,1205.97180176,2026-08-08,2026-08-30
,Ilves Tampere,FIN,0,1205.37280273,2026-08-07,2026-08-13
,Dinamo Minsk,BLR,0,1202.69592285,2026-08-07,2026-08-13
,Inter Turku,FIN,0,1202.63513184,2026-08-07,2026-08-30
,BATE,BLR,0,1202.37768555,2026-07-31,2026-08-30
,Kiryat Shmona,ISR,1,1201.35681152,2026-05-19,2026-08-30
,Alashkert,ARM,0,1199.71240234,2026-07-31,2026-08-30
,Slavia Sofia,BUL,1,1199.17614746,2026-08-11,2026-08-30
,OFK,SRB,1,1199.15270996,2026-08-10,2026-08-30
,Cukaricki,SRB,1,1198.3515625,2026-08-10,2026-08-30
,Novi Pazar,SRB,1,1194.02624512,2026-08-09,2026-08-30
,Lok Sofia,BUL,1,1193.53747559,2026-08-09,2026-08-30
,Brno,CZE,1,1192.71337891,2026-08-08,2026-08-30
,Klaksvik,FAR,0,1189.47131348,2026-08-07,2026-08-30
,Kragujevac,SRB,1,1187.92358398,2026-08-09,2026-08-30
,Liepajas,LAT,0,1187.7734375,2026-07-31,2026-08-30
,Radomlje,SVN,1,1187.16796875,2026-08-11,2026-08-30
,Ballkani,KOS,0,1185.13781738,2026-07-31,2026-08-30
,Dinamo Tirana,ALB,0,1183.72375488,2026-08-05,2026-08-13
,Auda,LAT,0,1179.07128906,2026-08-05,2026-08-13
,Ashdod,ISR,1,1172.46362305,2026-05-19,2026-08-30
,Zalgiris Vilnius,LIT,0,1167.50366211,2026-08-07,2026-08-13
,IMT,SRB,1,1167.23327637,2026-08-10,2026-08-30
,Botev Vratsa,BUL,1,1165.69116211,2026-08-11,2026-08-30
,Rudes Zagreb,CRO,1,1163.88708496,2026-08-09,2026-08-30
,Torpedo Kutaisi,GEO,0,1159.65441895,2026-07-17,2026-08-30
,Radnik Surdulica,SRB,1,1159.57324219,2026-08-10,2026-08-30
,Petrocub,MOL,0,1159.45910645,2026-07-31,2026-08-30
,Partizani Tirana,ALB,0,1158.83312988,2026-01-01,2026-08-30
,Egnatia,ALB,0,1157.89331055,2026-08-05,2026-08-30
,Dinamo Tbilisi,GEO,0,1153.70239258,2026-07-31,2026-08-30
,Dila Gori,GEO,0,1149.45703125,2026-07-29,2026-08-30
,Saburtalo,GEO,0,1149.44433594,2026-08-12,2026-08-30
,Vllaznia,ALB,0,1145.86279297,2026-07-16,2026-08-30
,Mura,SVN,1,1140.62072754,2026-08-11,2026-08-30
,Aluminij,SVN,1,1136.1673584,2026-08-10,2026-08-30
,Mladost Lucani,SRB,1,1133.2512207,2026-08-10,2026-08-30
,Kauno Zalgiris,LIT,0,1131.27331543,2026-08-12,2026-08-30
,Flora Tallinn,EST,0,1130.34924316,2026-08-07,2026-08-30
,Maccabi Bnei Raina,ISR,1,1127.99316406,2026-05-19,2026-08-30
,Zimbru,MOL,0,1121.74816895,2026-07-31,2026-08-30
,Nis,SRB,1,1120.0267334,2026-08-03,2026-08-30
,Hamrun,MLT,0,1116.77966309,2026-07-17,2026-08-30
,Nafta,SVN,1,1116.73962402,2026-08-10,2026-08-30
,Panevezys,LIT,0,1114.84375,2026-07-31,2026-08-30
,Linfield,NIR,0,1112.89929199,2026-07-17,2026-08-30
,Milsami Orhei,MOL,0,1106.4597168,2026-07-17,2026-08-30
,Hegelmann,LIT,0,1105.8293457,2026-07-17,2026-08-30
,Spartak Varna,BUL,1,1099.84106445,2026-08-11,2026-08-30
,Vardar,MAC,0,1099.73193359,2026-07-29,2026-08-30
,Decic,MNT,0,1098.27709961,2026-07-16,2026-08-30
,Septemvri Sofia,BUL,1,1095.19165039,2026-08-10,2026-08-30
,Sileks,MAC,0,1091.06091309,2026-07-17,2026-08-30
,Dukagjini,KOS,0,1084.08703613,2026-07-30,2026-08-30
,Paide Linnameeskond,EST,0,1082.51745605,2026-08-07,2026-08-30
,Sutjeska,MNT,0,1082.15710449,2026-07-16,2026-08-30
,Rabotnicki,MAC,0,1081.38427734,2026-02-27,2026-08-30
,Nomme Kalju,EST,0,1067.46813965,2026-07-31,2026-08-30
,The New Saints,WAL,0,1066.42773438,2026-07-31,2026-08-30
,Lincoln,GIB,0,1065.0925293,2026-08-07,2026-08-13
,Differdang,LUX,0,1064.40563965,2026-07-17,2026-08-30
,Floriana,MLT,0,1063.39416504,2026-07-29,2026-08-30
,Larne,NIR,0,1059.32751465,2026-08-12,2026-08-30
,Valletta,MLT,0,1058.54980469,2026-07-31,2026-08-30
,Marsaxlokk,MLT,0,1058.54980469,2026-07-17,2026-08-30
,Coleraine,NIR,0,1056.44763184,2026-07-31,2026-08-30
,Glentoran,NIR,0,1056.44763184,2026-07-17,2026-08-30
,R Letzebuerg,LUX,0,1055.80236816,2026-01-01,2026-08-30
,Malisheva,KOS,0,1053.15771484,2026-07-31,2026-08-30
,Dunav Ruse,BUL,1,1051.70751953,2026-08-09,2026-08-30
,FC Infonet,EST,0,1050.10693359,2026-07-31,2026-08-30
,HB Torshavn,FAR,0,1050.02600098,2026-07-31,2026-08-30
,Macva Sabac,SRB,1,1049.02087402,2026-08-10,2026-08-30
,Zemun,SRB,1,1049.02087402,2026-08-09,2026-08-30
,Una Strassen,LUX,0,1047.87158203,2026-07-31,2026-08-30
,Mornar,MNT,0,1045.57641602,2026-07-17,2026-08-30
,Petrovac,MNT,0,1045.57641602,2026-07-17,2026-08-30
,Runavik,FAR,0,1039.27258301,2026-08-07,2026-08-30
,Dudelange,LUX,0,1035.68371582,2026-01-01,2026-08-30
,Gota,FAR,0,1033.25927734,2026-07-17,2026-08-30
,Escaldes,AND,0,1002.06817627,2026-08-07,2026-08-30
,Penybont,WAL,0,988.081848145,2026-07-17,2026-08-30
,Caernarfon Town,WAL,0,969.859069824,2026-07-17,2026-08-30
,Connahs Quay,WAL,0,969.859069824,2026-07-17,2026-08-30
,St Josephs,GIB,0,968.097045898,2026-07-17,2026-08-30
,College Europa,GIB,0,955.99798584,2026-07-17,2026-08-30
,Santa Coloma,AND,0,954.305236816,2026-07-30,2026-08-30
,Atletic Club Escaldes,AND,0,944.222595215,2026-07-31,2026-08-30
,SS Virtus,SMR,0,767.627746582,2026-07-17,2026-08-30
,Tre Fiori,SMR,0,736.193237305,2026-08-07,2026-08-30
,La Fiorita,SMR,0,716.190124512,2026-07-15,2026-08-30
